fold,validation_year,horizon_min,threshold,cost_bps_round_trip,train_rows,validation_rows,best_iteration,trades,longs,shorts,gross_return_sum,net_return_sum,compound_return,win_rate,profit_factor,max_drawdown,avg_trade_net
1,2022,5,0.0,0.0,247621,412517,18,82541,53755,28786,0.6522646173503226,0.6522646173503226,0.8976269669746559,0.4360863086223816,1.0500603546034348,-0.060329572428259315,7.90231057717162e-06
1,2022,5,0.0,1.0,247621,412517,18,82541,53755,28786,0.6522646173503226,-7.6018353826496785,-0.9995064299141001,0.3427024145576138,0.5792994236869953,-0.9995067843703277,-9.209768942282839e-05
1,2022,5,0.0,2.0,247621,412517,18,82541,53755,28786,0.6522646173503226,-15.855935382649678,-0.9999998717290592,0.2607916065955101,0.33507030529246407,-0.9999998717314249,-0.00019209768942282838
1,2022,5,0.0,5.0,247621,412517,18,82541,53755,28786,0.6522646173503226,-40.61823538264968,-1.0,0.1093759464993155,0.08249477313318294,-1.0,-0.0004920976894228284
1,2022,5,0.0001,0.0,247621,412517,18,55,55,0,3.0027803298918448e-05,3.0027803298918448e-05,-4.483744265437739e-05,0.5454545454545454,1.0009190167937492,-0.012693602976338147,5.459600599803354e-07
1,2022,5,0.0001,1.0,247621,412517,18,55,55,0,3.0027803298918448e-05,-0.005469972196701079,-0.005529779608504981,0.4909090909090909,0.8451481857338224,-0.014963173692341236,-9.945403994001962e-05
1,2022,5,0.0001,2.0,247621,412517,18,55,55,0,3.0027803298918448e-05,-0.010969972196701079,-0.01098517990577852,0.4727272727272727,0.7124576902805124,-0.01799006451135754,-0.0001994540399400196
1,2022,5,0.0001,5.0,247621,412517,18,55,55,0,3.0027803298918448e-05,-0.02746997219670108,-0.027175687353215072,0.32727272727272727,0.42912503564372245,-0.03037685645520738,-0.0004994540399400197
1,2022,5,0.0002,0.0,247621,412517,18,0,0,0,0.0,0.0,0.0,,,,
1,2022,5,0.0002,1.0,247621,412517,18,0,0,0,0.0,0.0,0.0,,,,
1,2022,5,0.0002,2.0,247621,412517,18,0,0,0,0.0,0.0,0.0,,,,
1,2022,5,0.0002,5.0,247621,412517,18,0,0,0,0.0,0.0,0.0,,,,
1,2022,5,0.0005,0.0,247621,412517,18,0,0,0,0.0,0.0,0.0,,,,
1,2022,5,0.0005,1.0,247621,412517,18,0,0,0,0.0,0.0,0.0,,,,
1,2022,5,0.0005,2.0,247621,412517,18,0,0,0,0.0,0.0,0.0,,,,
1,2022,5,0.0005,5.0,247621,412517,18,0,0,0,0.0,0.0,0.0,,,,
1,2022,15,0.0,0.0,247297,411997,5,27511,26066,1445,-0.11456963050155035,-0.11456963050155035,-0.1182406964708449,0.4265566500672458,0.9851404796459337,-0.28754472028199773,-4.164502580842221e-06
1,2022,15,0.0,1.0,247297,411997,5,27511,26066,1445,-0.11456963050155035,-2.865669630501551,-0.9437015026834877,0.3745047435571226,0.6938011581469163,-0.9440885999655734,-0.00010416450258084225
1,2022,15,0.0,2.0,247297,411997,5,27511,26066,1445,-0.11456963050155035,-5.616769630501551,-0.9964064470239244,0.3219439496928501,0.49637669298177095,-0.9964236552224793,-0.00020416450258084224
1,2022,15,0.0,5.0,247297,411997,5,27511,26066,1445,-0.11456963050155035,-13.87006963050155,-0.9999990669851967,0.19610337683108575,0.1985338651810403,-0.9999990665184559,-0.0005041645025808423
1,2022,15,0.0001,0.0,247297,411997,5,13,0,13,0.006306466540692001,0.006306466540692001,0.006299017519335148,0.6153846153846154,1.7247343453129924,-0.004334859930565593,0.0004851128108224616
1,2022,15,0.0001,1.0,247297,411997,5,13,0,13,0.006306466540692001,0.005006466540692,0.004992241813795983,0.6153846153846154,1.5440768816048314,-0.0046339626292825065,0.00038511281082246154
1,2022,15,0.0001,2.0,247297,411997,5,13,0,13,0.006306466540692001,0.003706466540691999,0.0036870327013074355,0.6153846153846154,1.3820405141801007,-0.0049330054207711305,0.00028511281082246144
1,2022,15,0.0001,5.0,247297,411997,5,13,0,13,0.006306466540692001,-0.00019353345930800013,-0.00021921228659449454,0.5384615384615384,0.9828923706522885,-0.005829774411869604,-1.4887189177538472e-05
1,2022,15,0.0002,0.0,247297,411997,5,0,0,0,0.0,0.0,0.0,,,,
1,2022,15,0.0002,1.0,247297,411997,5,0,0,0,0.0,0.0,0.0,,,,
1,2022,15,0.0002,2.0,247297,411997,5,0,0,0,0.0,0.0,0.0,,,,
1,2022,15,0.0002,5.0,247297,411997,5,0,0,0,0.0,0.0,0.0,,,,
1,2022,15,0.0005,0.0,247297,411997,5,0,0,0,0.0,0.0,0.0,,,,
1,2022,15,0.0005,1.0,247297,411997,5,0,0,0,0.0,0.0,0.0,,,,
1,2022,15,0.0005,2.0,247297,411997,5,0,0,0,0.0,0.0,0.0,,,,
1,2022,15,0.0005,5.0,247297,411997,5,0,0,0,0.0,0.0,0.0,,,,
1,2022,30,0.0,0.0,246811,411217,4,13754,13325,429,0.0016685614532874343,0.0016685614532874343,-0.009579454983360103,0.42620328631670784,1.0003075810111521,-0.23772678257110702,1.2131463234604002e-07
1,2022,30,0.0,1.0,246811,411217,4,13754,13325,429,0.0016685614532874343,-1.3737314385467125,-0.7497003553012103,0.387523629489603,0.7798347026717933,-0.7505979800819566,-9.987868536765395e-05
1,2022,30,0.0,2.0,246811,411217,4,13754,13325,429,0.0016685614532874343,-2.749131438546713,-0.9367528325100506,0.34724443798167803,0.6133698688926713,-0.9369103081719196,-0.000199878685367654
1,2022,30,0.0,5.0,246811,411217,4,13754,13325,429,0.0016685614532874343,-6.875331438546713,-0.9989804112554742,0.2480732877708303,0.3135173001294201,-0.9989800723862513,-0.000499878685367654
1,2022,30,0.0001,0.0,246811,411217,4,46,1,45,-0.006728602753590735,-0.006728602753590735,-0.006899739852475606,0.5217391304347826,0.8820597422554773,-0.019231411708192203,-0.00014627397290414642
1,2022,30,0.0001,1.0,246811,411217,4,46,1,45,-0.006728602753590735,-0.011328602753590735,-0.011458441310146283,0.5217391304347826,0.8088029919357496,-0.020703442222103297,-0.00024627397290414644
1,2022,30,0.0001,2.0,246811,411217,4,46,1,45,-0.006728602753590735,-0.015928602753590735,-0.015996669500051408,0.5217391304347826,0.740791559151607,-0.0225430964726111,-0.00034627397290414643
1,2022,30,0.0001,5.0,246811,411217,4,46,1,45,-0.006728602753590735,-0.02972860275359073,-0.02948941165300345,0.5,0.5644946625894947,-0.033825548123713856,-0.0006462739729041463
1,2022,30,0.0002,0.0,246811,411217,4,7,1,6,-0.0013863127630166,-0.0013863127630166,-0.0013957997436969682,0.5714285714285714,0.7486950023554123,-0.004370358628518423,-0.00019804468043094285
1,2022,30,0.0002,1.0,246811,411217,4,7,1,6,-0.0013863127630166,-0.0020863127630166,-0.002094753455179288,0.5714285714285714,0.6413085481688402,-0.004569911168059826,-0.00029804468043094284
1,2022,30,0.0002,2.0,246811,411217,4,7,1,6,-0.0013863127630166,-0.0027863127630166,-0.002793287794238042,0.42857142857142855,0.5514796934258869,-0.00486476494446475,-0.00039804468043094283
1,2022,30,0.0002,5.0,246811,411217,4,7,1,6,-0.0013863127630166,-0.0048863127630166,-0.0048863766735243175,0.42857142857142855,0.3407772534373056,-0.005761574865674413,-0.0006980446804309428
1,2022,30,0.0005,0.0,246811,411217,4,0,0,0,0.0,0.0,0.0,,,,
1,2022,30,0.0005,1.0,246811,411217,4,0,0,0,0.0,0.0,0.0,,,,
1,2022,30,0.0005,2.0,246811,411217,4,0,0,0,0.0,0.0,0.0,,,,
1,2022,30,0.0005,5.0,246811,411217,4,0,0,0,0.0,0.0,0.0,,,,
1,2022,60,0.0,0.0,245839,409657,1,6875,6771,104,-0.0764275067798136,-0.0764275067798136,-0.08392377278281205,0.42603636363636366,0.9802315084874724,-0.2663538442958665,-1.1116728258881978e-05
1,2022,60,0.0,1.0,245839,409657,1,6875,6771,104,-0.0764275067798136,-0.7639275067798135,-0.5393883353236028,0.4,0.8210707190616954,-0.5436450078847922,-0.00011111672825888196
1,2022,60,0.0,2.0,245839,409657,1,6875,6771,104,-0.0764275067798136,-1.4514275067798137,-0.7684160878365067,0.37018181818181817,0.690621396656534,-0.7691453926557621,-0.00021111672825888198
1,2022,60,0.0,5.0,245839,409657,1,6875,6771,104,-0.0764275067798136,-3.513927506779814,-0.970579537130908,0.29294545454545456,0.4211266542149062,-0.9706227416951924,-0.0005111167282588821
1,2022,60,0.0001,0.0,245839,409657,1,31,5,26,-0.032424154855367114,-0.032424154855367114,-0.032235348108697215,0.41935483870967744,0.4992312263429664,-0.03364071874072283,-0.0010459404792053908
1,2022,60,0.0001,1.0,245839,409657,1,31,5,26,-0.032424154855367114,-0.03552415485536709,-0.03523411755044481,0.41935483870967744,0.466193550536379,-0.0361534462645996,-0.00114594047920539
1,2022,60,0.0001,2.0,245839,409657,1,31,5,26,-0.032424154855367114,-0.038624154855367104,-0.03822389369227874,0.41935483870967744,0.43489600345847895,-0.038659890863853685,-0.0012459404792053905
1,2022,60,0.0001,5.0,245839,409657,1,31,5,26,-0.032424154855367114,-0.047924154855367114,-0.04713952269787036,0.3870967741935484,0.35151436690781546,-0.04671599048358677,-0.0015459404792053909
1,2022,60,0.0002,0.0,245839,409657,1,7,0,7,-0.009909563654889299,-0.009909563654889299,-0.009916537433280137,0.2857142857142857,0.4612098551826611,-0.008858118504865065,-0.0014156519506984713
1,2022,60,0.0002,1.0,245839,409657,1,7,0,7,-0.009909563654889299,-0.0106095636548893,-0.010610379697301497,0.2857142857142857,0.43841718085205417,-0.00915631434893116,-0.0015156519506984714
1,2022,60,0.0002,2.0,245839,409657,1,7,0,7,-0.009909563654889299,-0.011309563654889299,-0.01130380514437479,0.2857142857142857,0.4167998561065375,-0.009454450376684687,-0.0016156519506984712
1,2022,60,0.0002,5.0,245839,409657,1,7,0,7,-0.009909563654889299,-0.013409563654889298,-0.013381582670336623,0.2857142857142857,0.35815611417621224,-0.01034849962206863,-0.001915651950698471
1,2022,60,0.0005,0.0,245839,409657,1,0,0,0,0.0,0.0,0.0,,,,
1,2022,60,0.0005,1.0,245839,409657,1,0,0,0,0.0,0.0,0.0,,,,
1,2022,60,0.0005,2.0,245839,409657,1,0,0,0,0.0,0.0,0.0,,,,
1,2022,60,0.0005,5.0,245839,409657,1,0,0,0,0.0,0.0,0.0,,,,
2,2023,5,0.0,0.0,330124,410106,7,82060,55952,26108,0.2460198344050491,0.2460198344050491,0.26851239407807426,0.4364611260053619,1.0227834516639682,-0.0835247723939938,2.9980481891914342e-06
2,2023,5,0.0,1.0,330124,410106,7,82060,55952,26108,0.2460198344050491,-7.959980165594951,-0.9996538168153264,0.3214720935900561,0.49925170148230275,-0.9996537821935458,-9.700195181080857e-05
2,2023,5,0.0,2.0,330124,410106,7,82060,55952,26108,0.2460198344050491,-16.165980165594952,-0.9999999056024395,0.2288934925664148,0.2605597094575621,-0.9999999055835561,-0.0001970019518108086
2,2023,5,0.0,5.0,330124,410106,7,82060,55952,26108,0.2460198344050491,-40.783980165594954,-1.0,0.0772117962466488,0.052860562554974684,-1.0,-0.0004970019518108086
2,2023,5,0.0001,0.0,330124,410106,7,0,0,0,0.0,0.0,0.0,,,,
2,2023,5,0.0001,1.0,330124,410106,7,0,0,0,0.0,0.0,0.0,,,,
2,2023,5,0.0001,2.0,330124,410106,7,0,0,0,0.0,0.0,0.0,,,,
2,2023,5,0.0001,5.0,330124,410106,7,0,0,0,0.0,0.0,0.0,,,,
2,2023,5,0.0002,0.0,330124,410106,7,0,0,0,0.0,0.0,0.0,,,,
2,2023,5,0.0002,1.0,330124,410106,7,0,0,0,0.0,0.0,0.0,,,,
2,2023,5,0.0002,2.0,330124,410106,7,0,0,0,0.0,0.0,0.0,,,,
2,2023,5,0.0002,5.0,330124,410106,7,0,0,0,0.0,0.0,0.0,,,,
2,2023,5,0.0005,0.0,330124,410106,7,0,0,0,0.0,0.0,0.0,,,,
2,2023,5,0.0005,1.0,330124,410106,7,0,0,0,0.0,0.0,0.0,,,,
2,2023,5,0.0005,2.0,330124,410106,7,0,0,0,0.0,0.0,0.0,,,,
2,2023,5,0.0005,5.0,330124,410106,7,0,0,0,0.0,0.0,0.0,,,,
2,2023,15,0.0,0.0,329696,409566,40,27349,8766,18583,0.12123717727900457,0.12123717727900457,0.11947787401071142,0.4386266408278182,1.0194449097853338,-0.10030339323587378,4.4329656396579245e-06
2,2023,15,0.0,1.0,329696,409566,40,27349,8766,18583,0.12123717727900457,-2.613662822720996,-0.9273545058566102,0.36867892793155144,0.6677095831562793,-0.9274266273442378,-9.556703436034209e-05
2,2023,15,0.0,2.0,329696,409566,40,27349,8766,18583,0.12123717727900457,-5.348562822720996,-0.9952871561347021,0.30249734908040515,0.4477397333332365,-0.9952880672242148,-0.00019556703436034208
2,2023,15,0.0,5.0,329696,409566,40,27349,8766,18583,0.12123717727900457,-13.553262822720995,-0.999998715325408,0.16037149438736334,0.1552010978046777,-0.9999987146827494,-0.0004955670343603421
2,2023,15,0.0001,0.0,329696,409566,40,437,290,147,0.04728141057933131,0.04728141057933131,0.04722298702941363,0.5446224256292906,1.15945468723724,-0.04113491899102384,0.00010819544754995722
2,2023,15,0.0001,1.0,329696,409566,40,437,290,147,0.04728141057933131,0.003581410579331333,0.002447190887230999,0.517162471395881,1.0112964674639373,-0.04906499605283876,8.195447549957284e-06
2,2023,15,0.0001,2.0,329696,409566,40,437,290,147,0.04728141057933131,-0.04011858942066869,-0.04041833347614554,0.482837528604119,0.8816396849196266,-0.05833624858206221,-9.180455245004277e-05
2,2023,15,0.0001,5.0,329696,409566,40,437,290,147,0.04728141057933131,-0.17121858942066864,-0.15834934259138267,0.391304347826087,0.5854884657508848,-0.16562468276321163,-0.0003918045524500427
2,2023,15,0.0002,0.0,329696,409566,40,73,22,51,-0.0017601697073388045,-0.0017601697073388045,-0.0021553928618438523,0.4657534246575342,0.9777243669116116,-0.029195137616584765,-2.4111913799161705e-05
2,2023,15,0.0002,1.0,329696,409566,40,73,22,51,-0.0017601697073388045,-0.009060169707338799,-0.009413750439370983,0.4657534246575342,0.8907330078694291,-0.030750151975770357,-0.00012411191379916163
2,2023,15,0.0002,2.0,329696,409566,40,73,22,51,-0.0017601697073388045,-0.016360169707338796,-0.016620028532156272,0.410958904109589,0.8120671274132593,-0.03231338080079704,-0.0002241119137991616
2,2023,15,0.0002,5.0,329696,409566,40,73,22,51,-0.0017601697073388045,-0.038260169707338795,-0.037930058289204815,0.3972602739726027,0.6176291801100439,-0.039721561357627166,-0.0005241119137991616
2,2023,15,0.0005,0.0,329696,409566,40,1,0,1,0.0021359412347925,0.0021359412347925,0.002135941234792549,1.0,inf,0.0,0.0021359412347925
2,2023,15,0.0005,1.0,329696,409566,40,1,0,1,0.0021359412347925,0.0020359412347925,0.00203594123479256,1.0,inf,0.0,0.0020359412347925
2,2023,15,0.0005,2.0,329696,409566,40,1,0,1,0.0021359412347925,0.0019359412347924997,0.0019359412347925709,1.0,inf,0.0,0.0019359412347924997
2,2023,15,0.0005,5.0,329696,409566,40,1,0,1,0.0021359412347925,0.0016359412347924998,0.001635941234792604,1.0,inf,0.0,0.0016359412347924998
2,2023,30,0.0,0.0,329054,408756,16,13672,6652,7020,0.13877919757823517,0.13877919757823517,0.13939782943417578,0.4270772381509655,1.031784930196893,-0.1285307599077259,1.0150614217249501e-05
2,2023,30,0.0,1.0,329054,408756,16,13672,6652,7020,0.13877919757823517,-1.2284208024217649,-0.7096755647353772,0.3805588063194851,0.7629190953462409,-0.7122849674275311,-8.98493857827505e-05
2,2023,30,0.0,2.0,329054,408756,16,13672,6652,7020,0.13877919757823517,-2.595620802421765,-0.9260339537989336,0.333601521357519,0.5716916937630523,-0.9261865357768616,-0.0001898493857827505
2,2023,30,0.0,5.0,329054,408756,16,13672,6652,7020,0.13877919757823517,-6.697220802421766,-0.9987778559341561,0.2173785839672323,0.25995790040608724,-0.9987781991148731,-0.0004898493857827506
2,2023,30,0.0001,0.0,329054,408756,16,159,25,134,0.0549993746496117,0.0549993746496117,0.05572561366153228,0.5345911949685535,1.407296224093668,-0.018149394872227442,0.00034590801666422455
2,2023,30,0.0001,1.0,329054,408756,16,159,25,134,0.0549993746496117,0.03909937464961171,0.03907704993271044,0.5220125786163522,1.274380168998586,-0.01883829400588155,0.0002459080166642246
2,2023,30,0.0001,2.0,329054,408756,16,159,25,134,0.0549993746496117,0.023199374649611703,0.022689405114694416,0.5094339622641509,1.154535128804196,-0.019526778796096766,0.00014590801666422454
2,2023,30,0.0001,5.0,329054,408756,16,159,25,134,0.0549993746496117,-0.024500625350388307,-0.024948339224873828,0.42138364779874216,0.8609744899308414,-0.02704778279053377,-0.00015409198333577552
2,2023,30,0.0002,0.0,329054,408756,16,74,1,73,0.017593167316716462,0.017593167316716462,0.017493514951509637,0.5405405405405406,1.2804397622818096,-0.02077673571987171,0.0002377455042799522
2,2023,30,0.0002,1.0,329054,408756,16,74,1,73,0.017593167316716462,0.010193167316716469,0.009993205989625498,0.527027027027027,1.1540459694673872,-0.024289728843915004,0.00013774550427995229
2,2023,30,0.0002,2.0,329054,408756,16,74,1,73,0.017593167316716462,0.0027931673167164656,0.002547442794195609,0.5135135135135135,1.0400844565788436,-0.028090179955547856,3.774550427995224e-05
2,2023,30,0.0002,5.0,329054,408756,16,74,1,73,0.017593167316716462,-0.01940683268328354,-0.019466471245328743,0.44594594594594594,0.7604891372885577,-0.03951143155403203,-0.0002622544957200478
2,2023,30,0.0005,0.0,329054,408756,16,2,0,2,-0.0004870389283579998,-0.0004870389283579998,-0.0004920434897146553,0.5,0.8047018353170384,0.0,-0.0002435194641789999
2,2023,30,0.0005,1.0,329054,408756,16,2,0,2,-0.0004870389283579998,-0.0006870389283579997,-0.0006919847858217754,0.5,0.7351249102033013,0.0,-0.00034351946417899985
2,2023,30,0.0005,2.0,329054,408756,16,2,0,2,-0.0004870389283579998,-0.000887038928358,-0.000891906081929017,0.5,0.6707136505289676,0.0,-0.000443519464179
2,2023,30,0.0005,5.0,329054,408756,16,2,0,2,-0.0004870389283579998,-0.0014870389283579998,-0.001491549970250694,0.5,0.5032975395322342,0.0,-0.0007435194641789999
2,2023,60,0.0,0.0,327770,407136,1,6833,6737,96,0.20502305297515294,0.20502305297515294,0.21730853971753095,0.43070393677740376,1.0661996262702362,-0.10951489005697668,3.000483725671783e-05
2,2023,60,0.0,1.0,327770,407136,1,6833,6737,96,0.20502305297515294,-0.478276947024847,-0.38533202316549764,0.3955802722084004,0.8632427815934416,-0.4050489484236992,-6.999516274328216e-05
2,2023,60,0.0,2.0,327770,407136,1,6833,6737,96,0.20502305297515294,-1.1615769470248472,-0.6896506594008442,0.3606029562417679,0.7038447209445596,-0.6923978287551129,-0.0001699951627432822
2,2023,60,0.0,5.0,327770,407136,1,6833,6737,96,0.20502305297515294,-3.211476947024847,-0.9600696233170924,0.26781794233865064,0.39792474667691735,-0.960049648141163,-0.0004699951627432822
2,2023,60,0.0001,0.0,327770,407136,1,5,0,5,-0.00018970416224889993,-0.00018970416224889993,-0.00019124925562818973,0.4,0.8916742666987235,-0.0010939886356386985,-3.7940832449779986e-05
2,2023,60,0.0001,1.0,327770,407136,1,5,0,5,-0.00018970416224889993,-0.0006897041622489,-0.0006910729317549658,0.4,0.663762033050203,-0.0012938692075548097,-0.00013794083244978
2,2023,60,0.0001,2.0,327770,407136,1,5,0,5,-0.00018970416224889993,-0.0011897041622489,-0.0011906966907273553,0.2,0.5099917185637501,-0.0015703036711467444,-0.00023794083244978002
2,2023,60,0.0001,5.0,327770,407136,1,5,0,5,-0.00018970416224889993,-0.0026897041622488994,-0.0026883690644333713,0.2,0.25861120517862013,-0.0024690914576604994,-0.0005379408324497799
2,2023,60,0.0002,0.0,327770,407136,1,5,0,5,-0.00018970416224889993,-0.00018970416224889993,-0.00019124925562818973,0.4,0.8916742666987235,-0.0010939886356386985,-3.7940832449779986e-05
2,2023,60,0.0002,1.0,327770,407136,1,5,0,5,-0.00018970416224889993,-0.0006897041622489,-0.0006910729317549658,0.4,0.663762033050203,-0.0012938692075548097,-0.00013794083244978
2,2023,60,0.0002,2.0,327770,407136,1,5,0,5,-0.00018970416224889993,-0.0011897041622489,-0.0011906966907273553,0.2,0.5099917185637501,-0.0015703036711467444,-0.00023794083244978002
2,2023,60,0.0002,5.0,327770,407136,1,5,0,5,-0.00018970416224889993,-0.0026897041622488994,-0.0026883690644333713,0.2,0.25861120517862013,-0.0024690914576604994,-0.0005379408324497799
2,2023,60,0.0005,0.0,327770,407136,1,0,0,0,0.0,0.0,0.0,,,,
2,2023,60,0.0005,1.0,327770,407136,1,0,0,0,0.0,0.0,0.0,,,,
2,2023,60,0.0005,2.0,327770,407136,1,0,0,0,0.0,0.0,0.0,,,,
2,2023,60,0.0005,5.0,327770,407136,1,0,0,0,0.0,0.0,0.0,,,,
3,2024,5,0.0,0.0,412145,412002,21,82440,50865,31575,-0.04055208932923808,-0.04055208932923808,-0.04916448382876415,0.43174429888403687,0.9967300790799503,-0.11993564278719104,-4.918982208786764e-07
3,2024,5,0.0,1.0,412145,412002,21,82440,50865,31575,-0.04055208932923808,-8.284552089329239,-0.9997501956249039,0.3311014070839398,0.526471298013813,-0.9997501867460432,-0.00010049189822087868
3,2024,5,0.0,2.0,412145,412002,21,82440,50865,31575,-0.04055208932923808,-16.52855208932924,-0.9999999344252595,0.24573022804463854,0.29289435270381237,-0.9999999344121419,-0.00020049189822087869
3,2024,5,0.0,5.0,412145,412002,21,82440,50865,31575,-0.04055208932923808,-41.26055208932924,-1.0,0.09489325570111597,0.06619590791849951,-1.0,-0.0005004918982208787
3,2024,5,0.0001,0.0,412145,412002,21,0,0,0,0.0,0.0,0.0,,,,
3,2024,5,0.0001,1.0,412145,412002,21,0,0,0,0.0,0.0,0.0,,,,
3,2024,5,0.0001,2.0,412145,412002,21,0,0,0,0.0,0.0,0.0,,,,
3,2024,5,0.0001,5.0,412145,412002,21,0,0,0,0.0,0.0,0.0,,,,
3,2024,5,0.0002,0.0,412145,412002,21,0,0,0,0.0,0.0,0.0,,,,
3,2024,5,0.0002,1.0,412145,412002,21,0,0,0,0.0,0.0,0.0,,,,
3,2024,5,0.0002,2.0,412145,412002,21,0,0,0,0.0,0.0,0.0,,,,
3,2024,5,0.0002,5.0,412145,412002,21,0,0,0,0.0,0.0,0.0,,,,
3,2024,5,0.0005,0.0,412145,412002,21,0,0,0,0.0,0.0,0.0,,,,
3,2024,5,0.0005,1.0,412145,412002,21,0,0,0,0.0,0.0,0.0,,,,
3,2024,5,0.0005,2.0,412145,412002,21,0,0,0,0.0,0.0,0.0,,,,
3,2024,5,0.0005,5.0,412145,412002,21,0,0,0,0.0,0.0,0.0,,,,
3,2024,15,0.0,0.0,411609,411422,31,27475,12167,15308,0.15487280321146646,0.15487280321146646,0.15598399992166812,0.4335941765241128,1.0219453732655397,-0.13910394739487553,5.636862719252646e-06
3,2024,15,0.0,1.0,411609,411422,31,27475,12167,15308,0.15487280321146646,-2.5926271967885337,-0.9259246122096274,0.3744494995450409,0.7017958159457727,-0.9259280013387107,-9.436313728074736e-05
3,2024,15,0.0,2.0,411609,411422,31,27475,12167,15308,0.15487280321146646,-5.340127196788535,-0.9952545576773226,0.31479526842584166,0.4911633814652796,-0.9952536083990025,-0.0001943631372807474
3,2024,15,0.0,5.0,411609,411422,31,27475,12167,15308,0.15487280321146646,-13.582627196788534,-0.9999987544284332,0.1848589626933576,0.18761843378252652,-0.9999987538053359,-0.0004943631372807474
3,2024,15,0.0001,0.0,411609,411422,31,182,1,181,0.02945913699168324,0.02945913699168324,0.029322675346882043,0.5384615384615384,1.1899331042419556,-0.025471973040160134,0.0001618633900641936
3,2024,15,0.0001,1.0,411609,411422,31,182,1,181,0.02945913699168324,0.01125913699168324,0.010760394787767469,0.5164835164835165,1.0687723957923627,-0.029753209121696544,6.186339006419363e-05
3,2024,15,0.0001,2.0,411609,411422,31,182,1,181,0.02945913699168324,-0.006940863008316757,-0.007468949281308146,0.489010989010989,0.9598416267590515,-0.034124086781741725,-3.813660993580636e-05
3,2024,15,0.0001,5.0,411609,411422,31,182,1,181,0.02945913699168324,-0.06154086300831676,-0.06021822962731149,0.42857142857142855,0.6954201152461216,-0.06865258253642881,-0.00033813660993580635
3,2024,15,0.0002,0.0,411609,411422,31,43,0,43,-0.013211560151915066,-0.013211560151915066,-0.013286297092954147,0.4418604651162791,0.7649419658633789,-0.017553451961638045,-0.00030724558492825735
3,2024,15,0.0002,1.0,411609,411422,31,43,0,43,-0.013211560151915066,-0.01751156015191507,-0.017521598482276635,0.4186046511627907,0.7013669891974597,-0.02089001237487187,-0.00040724558492825745
3,2024,15,0.0002,2.0,411609,411422,31,43,0,43,-0.013211560151915066,-0.02181156015191506,-0.021739141562566844,0.3953488372093023,0.6438218025570002,-0.024544987200703527,-0.0005072455849282572
3,2024,15,0.0002,5.0,411609,411422,31,43,0,43,-0.013211560151915066,-0.034711560151915066,-0.034285946435631875,0.3488372093023256,0.49924621822745574,-0.036189459677965496,-0.0008072455849282574
3,2024,15,0.0005,0.0,411609,411422,31,0,0,0,0.0,0.0,0.0,,,,
3,2024,15,0.0005,1.0,411609,411422,31,0,0,0,0.0,0.0,0.0,,,,
3,2024,15,0.0005,2.0,411609,411422,31,0,0,0,0.0,0.0,0.0,,,,
3,2024,15,0.0005,5.0,411609,411422,31,0,0,0,0.0,0.0,0.0,,,,
3,2024,30,0.0,0.0,410805,410552,11,13735,11715,2020,0.17436759152663317,0.17436759152663317,0.1788357954566271,0.4299963596650892,1.0352344574624557,-0.14624833998707543,1.2695128614971473e-05
3,2024,30,0.0,1.0,410805,410552,11,13735,11715,2020,0.17436759152663317,-1.1991324084733668,-0.7015120966798564,0.3888605751729159,0.7917715691945207,-0.7042832235319756,-8.730487138502852e-05
3,2024,30,0.0,2.0,410805,410552,11,13735,11715,2020,0.17436759152663317,-2.5726324084733667,-0.9244315533846276,0.35020021842009463,0.611696440070444,-0.9246390107672086,-0.0001873048713850285
3,2024,30,0.0,5.0,410805,410552,11,13735,11715,2020,0.17436759152663317,-6.693132408473367,-0.9987747528860657,0.24346559883509283,0.29797944345676486,-0.9987741399560437,-0.00048730487138502857
3,2024,30,0.0001,0.0,410805,410552,11,212,0,212,-0.0032785262592336505,-0.0032785262592336505,-0.003974066058340164,0.49056603773584906,0.9836385614628551,-0.02893141972206692,-1.5464746505819108e-05
3,2024,30,0.0001,1.0,410805,410552,11,212,0,212,-0.0032785262592336505,-0.02447852625923365,-0.024869052920983514,0.4669811320754717,0.8842517739475446,-0.041152693121603745,-0.00011546474650581909
3,2024,30,0.0001,2.0,410805,410552,11,212,0,212,-0.0032785262592336505,-0.045678526259233666,-0.04532772172082766,0.44339622641509435,0.795213258383455,-0.057885612840564815,-0.0002154647465058192
3,2024,30,0.0001,5.0,410805,410552,11,212,0,212,-0.0032785262592336505,-0.10927852625923366,-0.10417557237671937,0.36792452830188677,0.5809370845286095,-0.10650600682267397,-0.0005154647465058192
3,2024,30,0.0002,0.0,410805,410552,11,24,0,24,0.005024728221705098,0.005024728221705098,0.004888805646371619,0.5833333333333334,1.1649599843113638,-0.01406639238952545,0.00020936367590437908
3,2024,30,0.0002,1.0,410805,410552,11,24,0,24,0.005024728221705098,0.0026247282217050985,0.0024803181113868256,0.5833333333333334,1.083429891948444,-0.014560660320057983,0.0001093636759043791
3,2024,30,0.0002,2.0,410805,410552,11,24,0,24,0.005024728221705098,0.00022472822170510262,7.736319258921931e-05,0.5416666666666666,1.0069120445300843,-0.015054730002034833,9.363675904379276e-06
3,2024,30,0.0002,5.0,410805,410552,11,24,0,24,0.005024728221705098,-0.006975271778294899,-0.007098427317112632,0.5,0.805481621492741,-0.016535750153005013,-0.00029063632409562077
3,2024,30,0.0005,0.0,410805,410552,11,0,0,0,0.0,0.0,0.0,,,,
3,2024,30,0.0005,1.0,410805,410552,11,0,0,0,0.0,0.0,0.0,,,,
3,2024,30,0.0005,2.0,410805,410552,11,0,0,0,0.0,0.0,0.0,,,,
3,2024,30,0.0005,5.0,410805,410552,11,0,0,0,0.0,0.0,0.0,,,,
3,2024,60,0.0,0.0,409197,408812,13,6864,4656,2208,0.35170901968487855,0.35170901968487855,0.40739385153677654,0.4407051282051282,1.102627609174526,-0.11182422311397022,5.123965904499979e-05
3,2024,60,0.0,1.0,409197,408812,13,6864,4656,2208,0.35170901968487855,-0.33469098031512146,-0.29153985879771294,0.4106934731934732,0.9124146843982688,-0.33221013499745067,-4.876034095500021e-05
3,2024,60,0.0,2.0,409197,408812,13,6864,4656,2208,0.35170901968487855,-1.0210909803151216,-0.6433966816407999,0.38243006993006995,0.7589268008857418,-0.6480351433447682,-0.00014876034095500024
3,2024,60,0.0,5.0,409197,408812,13,6864,4656,2208,0.35170901968487855,-3.0802909803151217,-0.9545413726167633,0.291520979020979,0.45035358893420707,-0.9545186319327297,-0.00044876034095500027
3,2024,60,0.0001,0.0,409197,408812,13,374,0,374,0.1274539763107181,0.1274539763107181,0.13319274783193102,0.4946524064171123,1.295477148232165,-0.03895266267874531,0.00034078603291635854
3,2024,60,0.0001,1.0,409197,408812,13,374,0,374,0.1274539763107181,0.09005397631071811,0.09160542887271883,0.4839572192513369,1.1999492956520528,-0.04131823060858841,0.0002407860329163586
3,2024,60,0.0001,2.0,409197,408812,13,374,0,374,0.1274539763107181,0.052653976310718074,0.05154040211959843,0.45989304812834225,1.1120055931842947,-0.04400297308380774,0.0001407860329163585
3,2024,60,0.0001,5.0,409197,408812,13,374,0,374,0.1274539763107181,-0.059546023689281934,-0.06006667025856938,0.40641711229946526,0.8884334130902573,-0.09106216055378535,-0.00015921396708364153
3,2024,60,0.0002,0.0,409197,408812,13,194,0,194,0.09116245585232548,0.09116245585232548,0.09370070362950345,0.5257731958762887,1.370120383299944,-0.03174259235683241,0.0004699095662491004
3,2024,60,0.0002,1.0,409197,408812,13,194,0,194,0.09116245585232548,0.07176245585232548,0.07269579536918602,0.5154639175257731,1.2808223466385544,-0.03339044978576744,0.0003699095662491004
3,2024,60,0.0002,2.0,409197,408812,13,194,0,194,0.09116245585232548,0.05236245585232547,0.05209225413900387,0.5,1.1975318521918585,-0.037533110313778484,0.0002699095662491004
3,2024,60,0.0002,5.0,409197,408812,13,194,0,194,0.09116245585232548,-0.005837544147674543,-0.007385752871441942,0.44329896907216493,0.9802496163029697,-0.05716691586962619,-3.0090433750899705e-05
3,2024,60,0.0005,0.0,409197,408812,13,65,0,65,0.09942449620214686,0.09942449620214686,0.10345561306911022,0.6,2.1788449010543256,-0.017903966840065344,0.0015296076338791823
3,2024,60,0.0005,1.0,409197,408812,13,65,0,65,0.09942449620214686,0.09292449620214688,0.09631674241291788,0.5846153846153846,2.0682843117656335,-0.018789285552522794,0.0014296076338791827
3,2024,60,0.0005,2.0,409197,408812,13,65,0,65,0.09942449620214686,0.08642449620214686,0.08922335106399282,0.5846153846153846,1.963647096321002,-0.019673894793490576,0.0013296076338791824
3,2024,60,0.0005,5.0,409197,408812,13,65,0,65,0.09942449620214686,0.06692449620214685,0.06821320931015551,0.5692307692307692,1.6835396316722102,-0.022323470661273492,0.0010296076338791823
4,2025,5,0.0,0.0,494546,412492,38,82536,47853,34683,0.23931778029926698,0.23931778029926698,0.2495259921196471,0.43119366094795,1.0149850677723085,-0.13465618821857617,2.899556318446096e-06
4,2025,5,0.0,1.0,494546,412492,38,82536,47853,34683,0.23931778029926698,-8.014282219700734,-0.999674851257664,0.3522341766017253,0.6181955712141699,-0.9996753223449455,-9.710044368155391e-05
4,2025,5,0.0,2.0,494546,412492,38,82536,47853,34683,0.23931778029926698,-16.267882219700734,-0.9999999154603699,0.2812227391683629,0.389249621075895,-0.9999999154434587,-0.00019710044368155392
4,2025,5,0.0,5.0,494546,412492,38,82536,47853,34683,0.23931778029926698,-41.028682219700734,-1.0,0.13648589706309974,0.11664237096771347,-1.0,-0.000497100443681554
4,2025,5,0.0001,0.0,494546,412492,38,17,0,17,-0.0030602794294560054,-0.0030602794294560054,-0.0030887259920061583,0.4117647058823529,0.7986050741634887,-0.006856817593703934,-0.00018001643702682385
4,2025,5,0.0001,1.0,494546,412492,38,17,0,17,-0.0030602794294560054,-0.004760279429456004,-0.00478243124546307,0.4117647058823529,0.7060723977239648,-0.007412029405346132,-0.00028001643702682376
4,2025,5,0.0001,2.0,494546,412492,38,17,0,17,-0.0030602794294560054,-0.006460279429456005,-0.006473427969672763,0.4117647058823529,0.6243022039240699,-0.008107372672711777,-0.0003800164370268238
4,2025,5,0.0001,5.0,494546,412492,38,17,0,17,-0.0030602794294560054,-0.011560279429456003,-0.01153020754942391,0.29411764705882354,0.4364214794003029,-0.011863816451346376,-0.0006800164370268238
4,2025,5,0.0002,0.0,494546,412492,38,0,0,0,0.0,0.0,0.0,,,,
4,2025,5,0.0002,1.0,494546,412492,38,0,0,0,0.0,0.0,0.0,,,,
4,2025,5,0.0002,2.0,494546,412492,38,0,0,0,0.0,0.0,0.0,,,,
4,2025,5,0.0002,5.0,494546,412492,38,0,0,0,0.0,0.0,0.0,,,,
4,2025,5,0.0005,0.0,494546,412492,38,0,0,0,0.0,0.0,0.0,,,,
4,2025,5,0.0005,1.0,494546,412492,38,0,0,0,0.0,0.0,0.0,,,,
4,2025,5,0.0005,2.0,494546,412492,38,0,0,0,0.0,0.0,0.0,,,,
4,2025,5,0.0005,5.0,494546,412492,38,0,0,0,0.0,0.0,0.0,,,,
4,2025,15,0.0,0.0,493894,411952,9,27508,21754,5754,0.37697024174348837,0.37697024174348837,0.43336957498957385,0.4318016576995783,1.0412278286335699,-0.12682616521889134,1.3704022166042183e-05
4,2025,15,0.0,1.0,493894,411952,9,27508,21754,5754,0.37697024174348837,-2.3738297582565115,-0.9084504770334465,0.38741457030681986,0.7795444563489853,-0.9093460436211434,-8.629597783395782e-05
4,2025,15,0.0,2.0,493894,411952,9,27508,21754,5754,0.37697024174348837,-5.124629758256512,-0.9941543272020584,0.3423004216955068,0.5905080289215748,-0.9941609988811896,-0.00018629597783395785
4,2025,15,0.0,5.0,493894,411952,9,27508,21754,5754,0.37697024174348837,-13.377029758256512,-0.9999984806683175,0.22996946342882071,0.2742023984314976,-0.9999984799082716,-0.0004862959778339578
4,2025,15,0.0001,0.0,493894,411952,9,188,0,188,0.028871824107554702,0.028871824107554702,0.02828672362896545,0.48404255319148937,1.130446483210622,-0.042138548683146926,0.00015357353248699309
4,2025,15,0.0001,1.0,493894,411952,9,188,0,188,0.028871824107554702,0.010071824107554691,0.009137286528727806,0.46808510638297873,1.0435596816790074,-0.04472554240533,5.3573532486993033e-05
4,2025,15,0.0001,2.0,493894,411952,9,188,0,188,0.028871824107554702,-0.00872817589244531,-0.009657398762467517,0.4627659574468085,0.9638236696110886,-0.047466587832038276,-4.6426467513006965e-05
4,2025,15,0.0001,5.0,493894,411952,9,188,0,188,0.028871824107554702,-0.06512817589244534,-0.06397772116713174,0.44148936170212766,0.7608994951458995,-0.07524824423535437,-0.0003464264675130071
4,2025,15,0.0002,0.0,493894,411952,9,0,0,0,0.0,0.0,0.0,,,,
4,2025,15,0.0002,1.0,493894,411952,9,0,0,0,0.0,0.0,0.0,,,,
4,2025,15,0.0002,2.0,493894,411952,9,0,0,0,0.0,0.0,0.0,,,,
4,2025,15,0.0002,5.0,493894,411952,9,0,0,0,0.0,0.0,0.0,,,,
4,2025,15,0.0005,0.0,493894,411952,9,0,0,0,0.0,0.0,0.0,,,,
4,2025,15,0.0005,1.0,493894,411952,9,0,0,0,0.0,0.0,0.0,,,,
4,2025,15,0.0005,2.0,493894,411952,9,0,0,0,0.0,0.0,0.0,,,,
4,2025,15,0.0005,5.0,493894,411952,9,0,0,0,0.0,0.0,0.0,,,,
4,2025,30,0.0,0.0,492916,411142,18,13752,12310,1442,0.6704577270014959,0.6704577270014959,0.9231946898913463,0.44248109365910415,1.106550762901747,-0.07959133884888148,4.8753470549847e-05
4,2025,30,0.0,1.0,492916,411142,18,13752,12310,1442,0.6704577270014959,-0.7047422729985041,-0.5138399082062883,0.40917684700407214,0.9004869452305244,-0.5151824834588999,-5.124652945015301e-05
4,2025,30,0.0,2.0,492916,411142,18,13752,12310,1442,0.6704577270014959,-2.079942272998504,-0.8771215770882388,0.3785631180919139,0.7372028381599582,-0.8770969964875364,-0.000151246529450153
4,2025,30,0.0,5.0,492916,411142,18,13752,12310,1442,0.6704577270014959,-6.205542272998504,-0.9980175324143303,0.28970331588132636,0.41819364625362704,-0.9980165406846727,-0.000451246529450153
4,2025,30,0.0001,0.0,492916,411142,18,463,163,300,0.1123191841183668,0.1123191841183668,0.11643256463530105,0.5377969762419006,1.2582326895045506,-0.04559960714009559,0.00024259003049323285
4,2025,30,0.0001,1.0,492916,411142,18,463,163,300,0.1123191841183668,0.06601918411836681,0.0659291639290982,0.5248380129589633,1.1445481057449416,-0.05775859835856323,0.00014259003049323286
4,2025,30,0.0001,2.0,492916,411142,18,463,163,300,0.1123191841183668,0.019719184118366803,0.01770564496287763,0.5053995680345572,1.041165366970319,-0.07364769005445582,4.2590030493232834e-05
4,2025,30,0.0001,5.0,492916,411142,18,463,163,300,0.1123191841183668,-0.1191808158816332,-0.11428982464419168,0.4319654427645788,0.7848078464297125,-0.12712785430701168,-0.0002574099695067672
4,2025,30,0.0002,0.0,492916,411142,18,231,10,221,0.023985735231554357,0.023985735231554357,0.022938109053966205,0.4935064935064935,1.0902679914541644,-0.04729271837779947,0.00010383435165175047
4,2025,30,0.0002,1.0,492916,411142,18,231,10,221,0.023985735231554357,0.0008857352315543715,-0.00041994370493503297,0.48917748917748916,1.003191953262474,-0.0577202194309826,3.834351651750526e-06
4,2025,30,0.0002,2.0,492916,411142,18,231,10,221,0.023985735231554357,-0.022214264768445645,-0.02324688856423851,0.4805194805194805,0.9232276941768174,-0.06803461646992204,-9.616564834824954e-05
4,2025,30,0.0002,5.0,492916,411142,18,231,10,221,0.023985735231554357,-0.09151426476844565,-0.08865997482602228,0.42424242424242425,0.7204096596301871,-0.10115036026937296,-0.00039616564834824957
4,2025,30,0.0005,0.0,492916,411142,18,66,0,66,0.03310708637416883,0.03310708637416883,0.03322677282752995,0.5909090909090909,1.4748487646827315,-0.022782155986000308,0.0005016225208207398
4,2025,30,0.0005,1.0,492916,411142,18,66,0,66,0.03310708637416883,0.02650708637416884,0.026432903903918836,0.5757575757575758,1.365590225422819,-0.0240540358507495,0.00040162252082074
4,2025,30,0.0005,2.0,492916,411142,18,66,0,66,0.03310708637416883,0.01990708637416883,0.01968303484167211,0.5454545454545454,1.2640065963756637,-0.02532438750998367,0.0003016225208207398
4,2025,30,0.0005,5.0,492916,411142,18,66,0,66,0.03310708637416883,0.00010708637416882369,-0.00030537042827061267,0.5,1.00126144558011,-0.029126290079576234,1.622520820739753e-06
4,2025,60,0.0,0.0,490960,409522,18,6873,6525,348,0.5345560881675335,0.5345560881675335,0.6781029662951381,0.4472573839662447,1.1172155237201302,-0.10075775734933046,7.777623863924539e-05
4,2025,60,0.0,1.0,490960,409522,18,6873,6525,348,0.5345560881675335,-0.15274391183246655,-0.15601479738592616,0.42557835006547357,0.969127535796406,-0.26209987098446064,-2.2223761360754628e-05
4,2025,60,0.0,2.0,490960,409522,18,6873,6525,348,0.5345560881675335,-0.8400439118324667,-0.5755552083600024,0.4033173286774334,0.8429780453444172,-0.5784185843078626,-0.00012222376136075466
4,2025,60,0.0,5.0,490960,409522,18,6873,6525,348,0.5345560881675335,-2.9019439118324666,-0.94603636784045,0.34293612687327224,0.563078313393053,-0.9460093725267134,-0.0004222237613607546
4,2025,60,0.0001,0.0,490960,409522,18,403,95,308,0.08825379361877579,0.08825379361877579,0.08845774605680545,0.5012406947890818,1.1555118789513457,-0.06406768082607583,0.00021899204371904663
4,2025,60,0.0001,1.0,490960,409522,18,403,95,308,0.08825379361877579,0.0479537936187758,0.04547141136483135,0.48883374689826303,1.081580935445567,-0.06827634770529989,0.00011899204371904665
4,2025,60,0.0001,2.0,490960,409522,18,403,95,308,0.08825379361877579,0.007653793618775804,0.004178684875096428,0.47890818858560796,1.0125750771197226,-0.07246650792624643,1.899204371904666e-05
4,2025,60,0.0001,5.0,490960,409522,18,403,95,308,0.08825379361877579,-0.11324620638122421,-0.11019056311655673,0.4441687344913151,0.8319862106092293,-0.11385442614615005,-0.00028100795628095335
4,2025,60,0.0002,0.0,490960,409522,18,322,58,264,0.14667787000943555,0.14667787000943555,0.15483267618245522,0.531055900621118,1.3425879170586352,-0.03996286504458335,0.0004555213354330297
4,2025,60,0.0002,1.0,490960,409522,18,322,58,264,0.14667787000943555,0.1144778700094356,0.11825337249168544,0.5217391304347826,1.2581695783465952,-0.042076655423242904,0.0003555213354330298
4,2025,60,0.0002,2.0,490960,409522,18,322,58,264,0.14667787000943555,0.08227787000943558,0.0828292331572682,0.5124223602484472,1.1792959173047481,-0.04477568652736663,0.00025552133543302975
4,2025,60,0.0002,5.0,490960,409522,18,322,58,264,0.14667787000943555,-0.014322129990564435,-0.016870223503894333,0.4751552795031056,0.9718009945101681,-0.055334676860403276,-4.44786645669703e-05
4,2025,60,0.0005,0.0,490960,409522,18,144,8,136,0.10874840463154653,0.10874840463154653,0.11329779518725558,0.5625,1.6682552961091601,-0.03316794193106276,0.0007551972543857398
4,2025,60,0.0005,1.0,490960,409522,18,144,8,136,0.10874840463154653,0.09434840463154653,0.0973920153335277,0.5416666666666666,1.5576414031817079,-0.03442733503616002,0.0006551972543857398
4,2025,60,0.0005,2.0,490960,409522,18,144,8,136,0.10874840463154653,0.07994840463154655,0.08171192698692109,0.5416666666666666,1.4547900546341648,-0.035685213698788854,0.0005551972543857399
4,2025,60,0.0005,5.0,490960,409522,18,144,8,136,0.10874840463154653,0.036748404631546536,0.03599422968894839,0.4791666666666667,1.1864311982119524,-0.039449779718993216,0.0002551972543857398
