config,multiplier,horizon_min,validation_year,best_iteration,train_rows,validation_rows,purged_train_rows,actual_short_pct,actual_timeout_pct,actual_long_pct,pred_short_pct,pred_timeout_pct,pred_long_pct,accuracy,balanced_accuracy,macro_f1,cost_bps,trades,compound_return,profit_factor,win_rate,max_drawdown,avg_hold_minutes,directional_accuracy
dynamic_0p50x,0.5,60,2022,210,128840,43045,0,47.480543617144846,6.1795795098153095,46.33987687303984,47.70821233592752,0.31594842606574514,51.975839238006735,0.4727378325008712,0.34252635454844493,0.3387647342173705,0,10777,0.058098161568375994,1.0120228042893025,0.5036652129535121,-0.10571290330788641,17.346571402059944,0.481117194024311
dynamic_0p50x,0.5,60,2022,210,128840,43045,0,47.480543617144846,6.1795795098153095,46.33987687303984,47.70821233592752,0.31594842606574514,51.975839238006735,0.4727378325008712,0.34252635454844493,0.3387647342173705,1,10777,-0.6398648156573116,0.8249269689490509,0.5009742971142247,-0.6400754906970283,17.346571402059944,0.481117194024311
dynamic_0p50x,0.5,60,2022,210,128840,43045,0,47.480543617144846,6.1795795098153095,46.33987687303984,47.70821233592752,0.31594842606574514,51.975839238006735,0.4727378325008712,0.34252635454844493,0.3387647342173705,2,10777,-0.8774372961816943,0.669715429321661,0.4967987380532616,-0.8774372961816943,17.346571402059944,0.481117194024311
dynamic_0p50x,0.5,60,2022,210,128840,43045,0,47.480543617144846,6.1795795098153095,46.33987687303984,47.70821233592752,0.31594842606574514,51.975839238006735,0.4727378325008712,0.34252635454844493,0.3387647342173705,5,10777,-0.9951721284928545,0.3338546471932549,0.4601466085181405,-0.9951721284928545,17.346571402059944,0.481117194024311
dynamic_0p50x,0.5,60,2023,83,171885,42813,0,47.158573330530444,7.011888912246281,45.82953775722327,68.81788241889146,0.03970756545908953,31.142410015649453,0.47228645504870015,0.3375379445495463,0.3151085390261019,0,10751,0.11990325552824133,1.0276001891937587,0.5060924565156729,-0.07284584476843281,17.29401916100828,0.4820016742628593
dynamic_0p50x,0.5,60,2023,83,171885,42813,0,47.158573330530444,7.011888912246281,45.82953775722327,68.81788241889146,0.03970756545908953,31.142410015649453,0.47228645504870015,0.3375379445495463,0.3151085390261019,1,10751,-0.6178341434939562,0.8006265580542123,0.5012556971444517,-0.6205836765595119,17.29401916100828,0.4820016742628593
dynamic_0p50x,0.5,60,2023,83,171885,42813,0,47.158573330530444,7.011888912246281,45.82953775722327,68.81788241889146,0.03970756545908953,31.142410015649453,0.47228645504870015,0.3375379445495463,0.3151085390261019,2,10751,-0.8696003094458604,0.619410599120661,0.49679099618640127,-0.8700288439346786,17.29401916100828,0.4820016742628593
dynamic_0p50x,0.5,60,2023,83,171885,42813,0,47.158573330530444,7.011888912246281,45.82953775722327,68.81788241889146,0.03970756545908953,31.142410015649453,0.47228645504870015,0.3375379445495463,0.3151085390261019,5,10751,-0.9948230937286362,0.2568074827667737,0.39317272811831455,-0.9948230937286362,17.29401916100828,0.4820016742628593
dynamic_0p50x,0.5,60,2024,148,214698,42962,0,46.82975652902565,5.814440668497743,47.35580280247661,77.16586751082352,0.09776081188026628,22.736371677296216,0.4752804804245612,0.34023134662234306,0.3074136101631549,0,11076,0.13525954578853616,1.027354073408472,0.5041531238714337,-0.09126326383886907,16.870892018779344,0.4836583604189238
dynamic_0p50x,0.5,60,2024,148,214698,42962,0,46.82975652902565,5.814440668497743,47.35580280247661,77.16586751082352,0.09776081188026628,22.736371677296216,0.4752804804245612,0.34023134662234306,0.3074136101631549,1,11076,-0.6249822638419218,0.8192198949663642,0.5,-0.6347233361627376,16.870892018779344,0.4836583604189238
dynamic_0p50x,0.5,60,2024,148,214698,42962,0,46.82975652902565,5.814440668497743,47.35580280247661,77.16586751082352,0.09776081188026628,22.736371677296216,0.4752804804245612,0.34023134662234306,0.3074136101631549,2,11076,-0.8761316529521691,0.6499876085315316,0.4959371614301192,-0.876393449525234,16.870892018779344,0.4836583604189238
dynamic_0p50x,0.5,60,2024,148,214698,42962,0,46.82975652902565,5.814440668497743,47.35580280247661,77.16586751082352,0.09776081188026628,22.736371677296216,0.4752804804245612,0.34023134662234306,0.3074136101631549,5,11076,-0.9955393599157155,0.29556795918306783,0.4391477067533406,-0.9955393599157155,16.870892018779344,0.4836583604189238
dynamic_0p50x,0.5,60,2025,79,257660,42858,0,46.39973867189323,5.714219048952354,47.88604227915442,88.38023239535208,0.004666573335199963,11.615101031312706,0.46920061598768026,0.33593055704234615,0.26770768125068695,0,10882,0.006423334307211537,1.0024872191511214,0.500735158978129,-0.10949633197493147,17.026741407829444,0.4803344973350487
dynamic_0p50x,0.5,60,2025,79,257660,42858,0,46.39973867189323,5.714219048952354,47.88604227915442,88.38023239535208,0.004666573335199963,11.615101031312706,0.46920061598768026,0.33593055704234615,0.26770768125068695,1,10882,-0.6610327531071045,0.8318507417247136,0.49724315383201617,-0.6676439847266109,17.026741407829444,0.4803344973350487
dynamic_0p50x,0.5,60,2025,79,257660,42858,0,46.39973867189323,5.714219048952354,47.88604227915442,88.38023239535208,0.004666573335199963,11.615101031312706,0.46920061598768026,0.33593055704234615,0.26770768125068695,2,10882,-0.8858469538415005,0.6882259905179622,0.4940268333027017,-0.8865523042048621,17.026741407829444,0.4803344973350487
dynamic_0p50x,0.5,60,2025,79,257660,42858,0,46.39973867189323,5.714219048952354,47.88604227915442,88.38023239535208,0.004666573335199963,11.615101031312706,0.46920061598768026,0.33593055704234615,0.26770768125068695,5,10882,-0.995642944411059,0.3703117412253051,0.4603014151810329,-0.995642944411059,17.026741407829444,0.4803344973350487
dynamic_0p75x,0.75,60,2022,239,128848,43059,0,38.39150932441534,24.485008941220183,37.123481734364475,40.530434984556074,24.080912236698484,35.388652778745445,0.4133398360389233,0.4129485452574635,0.41312698072938897,0,5871,-0.07502186855128412,0.9807580869607179,0.49855220575711123,-0.10861945349051905,29.64060637029467,0.4110032362459547
dynamic_0p75x,0.75,60,2022,239,128848,43059,0,38.39150932441534,24.485008941220183,37.123481734364475,40.530434984556074,24.080912236698484,35.388652778745445,0.4133398360389233,0.4129485452574635,0.41312698072938897,1,5871,-0.4857897065847573,0.8363070522215957,0.48918412536194855,-0.4912397185450651,29.64060637029467,0.4110032362459547
dynamic_0p75x,0.75,60,2022,239,128848,43059,0,38.39150932441534,24.485008941220183,37.123481734364475,40.530434984556074,24.080912236698484,35.388652778745445,0.4133398360389233,0.4129485452574635,0.41312698072938897,2,5871,-0.7141589729584876,0.7121087807850375,0.47794242888775335,-0.7157996003407547,29.64060637029467,0.4110032362459547
dynamic_0p75x,0.75,60,2022,239,128848,43059,0,38.39150932441534,24.485008941220183,37.123481734364475,40.530434984556074,24.080912236698484,35.388652778745445,0.4133398360389233,0.4129485452574635,0.41312698072938897,5,5871,-0.9509179283091816,0.42992001380319766,0.44677227048203033,-0.9509847034815011,29.64060637029467,0.4110032362459547
dynamic_0p75x,0.75,60,2023,50,171907,42818,0,37.31841748797235,27.061049091503577,35.62053342052408,78.35489747302536,8.428698211032744,13.216404315941894,0.3914708767340838,0.3654861575255155,0.3194908179098856,0,6240,0.20343896834839126,1.0613145336886847,0.5075320512820513,-0.0493596806904677,30.489423076923078,0.40240384615384617
dynamic_0p75x,0.75,60,2023,50,171907,42818,0,37.31841748797235,27.061049091503577,35.62053342052408,78.35489747302536,8.428698211032744,13.216404315941894,0.3914708767340838,0.3654861575255155,0.3194908179098856,1,6240,-0.3552095236700654,0.8724030224352287,0.49006410256410254,-0.37308793600833534,30.489423076923078,0.40240384615384617
dynamic_0p75x,0.75,60,2023,50,171907,42818,0,37.31841748797235,27.061049091503577,35.62053342052408,78.35489747302536,8.428698211032744,13.216404315941894,0.3914708767340838,0.3654861575255155,0.3194908179098856,2,6240,-0.6545493180045261,0.7160496226272574,0.475801282051282,-0.6596812956695199,30.489423076923078,0.40240384615384617
dynamic_0p75x,0.75,60,2023,50,171907,42818,0,37.31841748797235,27.061049091503577,35.62053342052408,78.35489747302536,8.428698211032744,13.216404315941894,0.3914708767340838,0.3654861575255155,0.3194908179098856,5,6240,-0.9468961880043512,0.38310082485481795,0.4288461538461538,-0.9471256762210153,30.489423076923078,0.40240384615384617
dynamic_0p75x,0.75,60,2024,34,214725,42956,0,37.21482447155229,24.91153738709377,37.87363814135394,88.10876245460472,8.848589254120496,3.0426482912747925,0.394100940497253,0.3725128526117009,0.2868484557916147,0,6449,-0.048203707199552914,0.9884519592908273,0.4910838889750349,-0.14771970673487833,30.02744611567685,0.3978911459140952
dynamic_0p75x,0.75,60,2024,34,214725,42956,0,37.21482447155229,24.91153738709377,37.87363814135394,88.10876245460472,8.848589254120496,3.0426482912747925,0.394100940497253,0.3725128526117009,0.2868484557916147,1,6449,-0.5005970628960261,0.8321906396846308,0.47960924174290587,-0.513993483144048,30.02744611567685,0.3978911459140952
dynamic_0p75x,0.75,60,2024,34,214725,42956,0,37.21482447155229,24.91153738709377,37.87363814135394,88.10876245460472,8.848589254120496,3.0426482912747925,0.394100940497253,0.3725128526117009,0.2868484557916147,2,6449,-0.7379825825625468,0.6998308503975578,0.46704915490773763,-0.7414643712168276,30.02744611567685,0.3978911459140952
dynamic_0p75x,0.75,60,2024,34,214725,42956,0,37.21482447155229,24.91153738709377,37.87363814135394,88.10876245460472,8.848589254120496,3.0426482912747925,0.394100940497253,0.3725128526117009,0.2868484557916147,5,6449,-0.9621732323766207,0.4065127834307306,0.4332454644130873,-0.9622027099235841,30.02744611567685,0.3978911459140952
dynamic_0p75x,0.75,60,2025,59,257681,42862,0,37.9007045868135,24.43423078717745,37.665064626009055,75.0874900844571,14.56768232933601,10.344827586206897,0.40229107367831646,0.38483250057295654,0.3382412833380875,0,6160,-0.12982344139789492,0.9693878525802103,0.48863636363636365,-0.16778383142340025,29.968344155844157,0.4012987012987013
dynamic_0p75x,0.75,60,2025,59,257681,42862,0,37.9007045868135,24.43423078717745,37.665064626009055,75.0874900844571,14.56768232933601,10.344827586206897,0.40229107367831646,0.38483250057295654,0.3382412833380875,1,6160,-0.530038560975099,0.8378170010652043,0.4780844155844156,-0.5391688930403091,29.968344155844157,0.4012987012987013
dynamic_0p75x,0.75,60,2025,59,257681,42862,0,37.9007045868135,24.43423078717745,37.665064626009055,75.0874900844571,14.56768232933601,10.344827586206897,0.40229107367831646,0.38483250057295654,0.3382412833380875,2,6160,-0.7462007637477632,0.7235915787077991,0.4689935064935065,-0.7493085419486576,29.968344155844157,0.4012987012987013
dynamic_0p75x,0.75,60,2025,59,257681,42862,0,37.9007045868135,24.43423078717745,37.665064626009055,75.0874900844571,14.56768232933601,10.344827586206897,0.40229107367831646,0.38483250057295654,0.3382412833380875,5,6160,-0.9600410599481841,0.4594237903871681,0.4407467532467532,-0.9601703163535905,29.968344155844157,0.4012987012987013
dynamic_1p00x,1.0,60,2022,194,128858,43056,0,27.824228911185433,45.108695652173914,27.067075436640653,16.062801932367147,72.54738015607582,11.389817911557042,0.49261426978818285,0.4141195777144749,0.3893968666054202,0,2131,-0.03814280181405405,0.9769159793004493,0.5002346316283435,-0.136815194550873,34.969028625058655,0.3833880807132802
dynamic_1p00x,1.0,60,2022,194,128858,43056,0,27.824228911185433,45.108695652173914,27.067075436640653,16.062801932367147,72.54738015607582,11.389817911557042,0.49261426978818285,0.4141195777144749,0.3893968666054202,1,2131,-0.22275846537808341,0.8504273436311017,0.48850305021116847,-0.24545438220264515,34.969028625058655,0.3833880807132802
dynamic_1p00x,1.0,60,2022,194,128858,43056,0,27.824228911185433,45.108695652173914,27.067075436640653,16.062801932367147,72.54738015607582,11.389817911557042,0.49261426978818285,0.4141195777144749,0.3893968666054202,2,2131,-0.37195300109330576,0.7397434318196509,0.47114030971374943,-0.3734163577735473,34.969028625058655,0.3833880807132802
dynamic_1p00x,1.0,60,2022,194,128858,43056,0,27.824228911185433,45.108695652173914,27.067075436640653,16.062801932367147,72.54738015607582,11.389817911557042,0.49261426978818285,0.4141195777144749,0.3893968666054202,5,2131,-0.6686820113909702,0.4818935679533338,0.4378226184889723,-0.6692558005691618,34.969028625058655,0.3833880807132802
dynamic_1p00x,1.0,60,2023,43,171914,42818,0,27.271241066841046,47.090008874772295,25.638750058386663,25.547666869073755,68.30305011910879,6.14928301181746,0.5010976692045401,0.41768062803392086,0.3920775321760756,0,2134,0.07015394159449073,1.0586594681808776,0.5014058106841612,-0.030471329217590215,35.405342080599816,0.3641049671977507
dynamic_1p00x,1.0,60,2023,43,171914,42818,0,27.271241066841046,47.090008874772295,25.638750058386663,25.547666869073755,68.30305011910879,6.14928301181746,0.5010976692045401,0.41768062803392086,0.3920775321760756,1,2134,-0.13549792763525215,0.8893162394306627,0.48266166822867856,-0.14614997430522447,35.405342080599816,0.3641049671977507
dynamic_1p00x,1.0,60,2023,43,171914,42818,0,27.271241066841046,47.090008874772295,25.638750058386663,25.547666869073755,68.30305011910879,6.14928301181746,0.5010976692045401,0.41768062803392086,0.3920775321760756,2,2134,-0.3016445080785364,0.7468401342390223,0.46344892221180883,-0.30745845269882477,35.405342080599816,0.3641049671977507
dynamic_1p00x,1.0,60,2023,43,171914,42818,0,27.271241066841046,47.090008874772295,25.638750058386663,25.547666869073755,68.30305011910879,6.14928301181746,0.5010976692045401,0.41768062803392086,0.3920775321760756,5,2134,-0.6319113198217334,0.43678377464972734,0.41377694470477977,-0.6329998886987505,35.405342080599816,0.3641049671977507
dynamic_1p00x,1.0,60,2024,35,214732,42943,0,27.21747432643271,45.52313531891111,27.259390354656173,33.139277647113616,66.61854085648417,0.24218149640220757,0.48149873087581213,0.4114312319305266,0.3483486956528509,0,2275,0.048221857002969326,1.0345591888149528,0.5002197802197802,-0.0729242211136788,35.495824175824175,0.3767032967032967
dynamic_1p00x,1.0,60,2024,35,214732,42943,0,27.21747432643271,45.52313531891111,27.259390354656173,33.139277647113616,66.61854085648417,0.24218149640220757,0.48149873087581213,0.4114312319305266,0.3483486956528509,1,2275,-0.16507355214647068,0.8849215875927935,0.4857142857142857,-0.20799825491002522,35.495824175824175,0.3767032967032967
dynamic_1p00x,1.0,60,2024,35,214732,42943,0,27.21747432643271,45.52313531891111,27.259390354656173,33.139277647113616,66.61854085648417,0.24218149640220757,0.48149873087581213,0.4114312319305266,0.3483486956528509,2,2275,-0.3349820868622959,0.7565461321474655,0.4703296703296703,-0.35944855567083134,35.495824175824175,0.3767032967032967
dynamic_1p00x,1.0,60,2024,35,214732,42943,0,27.21747432643271,45.52313531891111,27.259390354656173,33.139277647113616,66.61854085648417,0.24218149640220757,0.48149873087581213,0.4114312319305266,0.3483486956528509,5,2275,-0.6640076345206327,0.4669353157571578,0.4307692307692308,-0.6649486938232338,35.495824175824175,0.3767032967032967
dynamic_1p00x,1.0,60,2025,59,257675,42864,0,28.16815976110489,44.86048898842852,26.97135125046659,23.884845091452036,75.45726017170587,0.6578947368421052,0.4813363195222098,0.39938304244214806,0.33866456307710074,0,1641,-0.025695093252449674,0.9817112773175175,0.48689823278488725,-0.06316606500573974,35.25655088360756,0.3826934795856185
dynamic_1p00x,1.0,60,2025,59,257675,42864,0,28.16815976110489,44.86048898842852,26.97135125046659,23.884845091452036,75.45726017170587,0.6578947368421052,0.4813363195222098,0.39938304244214806,0.33866456307710074,1,1641,-0.1731583256720327,0.8627222134405044,0.4741011578305911,-0.1915282284225981,35.25655088360756,0.3826934795856185
dynamic_1p00x,1.0,60,2025,59,257675,42864,0,28.16815976110489,44.86048898842852,26.97135125046659,23.884845091452036,75.45726017170587,0.6578947368421052,0.4813363195222098,0.39938304244214806,0.33866456307710074,2,1641,-0.298314184693782,0.7580477879780712,0.4625228519195612,-0.3096378239768268,35.25655088360756,0.3826934795856185
dynamic_1p00x,1.0,60,2025,59,257675,42864,0,28.16815976110489,44.86048898842852,26.97135125046659,23.884845091452036,75.45726017170587,0.6578947368421052,0.4813363195222098,0.39938304244214806,0.33866456307710074,5,1641,-0.5711939236694022,0.5107874387535197,0.43388177940280315,-0.5728184594085217,35.25655088360756,0.3826934795856185
