outer_fold,inner_year,outer_year,horizon_min,threshold,inner_trades,inner_compound_2bps,inner_profit_factor_2bps,inner_win_rate_2bps,inner_mdd_2bps,inner_avg_hold_minutes_2bps,inner_directional_accuracy_2bps,min_required_trades,eligible,selection_reason
1,2021,2022,15,0.34,41443,-0.9995939683861182,0.42683918779375307,0.48251815746929516,-0.9995944957849369,5.481914919286731,0.4591125159858118,415,True,
1,2021,2022,15,0.4,37943,-0.9991436681867971,0.4366694293808767,0.4918166723769865,-0.9991453740636099,5.030888437920038,0.47426402762037795,415,True,
1,2021,2022,15,0.45,32182,-0.9973642103269021,0.44593781362226503,0.5018022497048039,-0.99736731078381,4.345503697719222,0.49052265241439313,415,True,
1,2021,2022,15,0.5,21711,-0.9801529155021048,0.4589164215141691,0.5136566717332228,-0.9801608505663467,3.365298696513288,0.5081755791994841,415,True,
1,2021,2022,15,0.55,3350,-0.41546442201455414,0.4994021690832073,0.5364179104477612,-0.4160104572598007,2.4814925373134327,0.5304477611940298,415,True,
1,2021,2022,15,0.6,426,-0.06827767474689339,0.4831065944369822,0.5258215962441315,-0.06920814004753639,2.3943661971830985,0.5117370892018779,415,True,max_inner_2bps_compound_return_with_min_trades
1,2021,2022,15,0.65,105,-0.013399866468743693,0.5655468839199201,0.5619047619047619,-0.015511879187556255,2.5428571428571427,0.5523809523809524,415,False,
1,2021,2022,15,0.7,20,-0.0029981973329044065,0.5238095238095238,0.55,-0.004492355026072814,2.6,0.55,415,False,
1,2021,2022,15,0.75,4,0.00019963983798110263,1.2857142857142858,0.75,-0.0007000000000000339,2.5,0.75,415,False,
1,2021,2022,15,0.8,0,0.0,,,0.0,,,415,False,
1,2021,2022,30,0.34,42465,-0.9997053889954611,0.43366613583079905,0.49487813493465205,-0.9997054710657737,7.1088190274343575,0.4847286000235488,425,True,
1,2021,2022,30,0.4,41786,-0.999656313431815,0.4358466880377569,0.49696070454219116,-0.999656498119902,6.882783707461829,0.4879385440099555,425,True,
1,2021,2022,30,0.45,40358,-0.9995382276793511,0.43886437608450096,0.5005451211655682,-0.9995384452118042,6.462262748401804,0.49338421130878635,425,True,
1,2021,2022,30,0.5,34673,-0.998686189410258,0.4401181935922467,0.5038502581259193,-0.9986871085523961,5.509128140051337,0.49963948893952065,425,True,
1,2021,2022,30,0.55,5815,-0.643215220310678,0.4655449139687707,0.5181427343078245,-0.6432508738183487,4.44213241616509,0.5126397248495271,425,True,
1,2021,2022,30,0.6,618,-0.07501332316549325,0.5635561588066635,0.5614886731391586,-0.07840389494292266,6.477346278317152,0.5355987055016181,425,True,max_inner_2bps_compound_return_with_min_trades
1,2021,2022,30,0.65,150,-0.013807116764273486,0.6290457168285045,0.58,-0.016401950075088267,12.953333333333333,0.5,425,False,
1,2021,2022,30,0.7,46,0.0045340410593370795,1.9268882930972657,0.782608695652174,-0.0011137771437282895,18.73913043478261,0.6304347826086957,425,False,
1,2021,2022,30,0.75,20,0.003949858977049248,5.036416980012309,0.85,-0.00017223255035914153,15.7,0.8,425,False,
1,2021,2022,30,0.8,5,0.0011447284714038997,21.526705204038155,0.8,-5.574471284042204e-05,11.8,0.8,425,False,
1,2021,2022,60,0.34,41561,-0.9995663606061448,0.44983019215934217,0.509492071894324,-0.9995665047276775,7.761025961839224,0.5062678953826905,416,True,
1,2021,2022,60,0.4,41501,-0.9995657877136671,0.44950444834810355,0.5095298908460038,-0.9995661489944991,7.740126743933881,0.5062528613768343,416,True,
1,2021,2022,60,0.45,41329,-0.9995438916743633,0.4506514605180866,0.5104406107091872,-0.9995442711735174,7.640930097510223,0.5076338648406687,416,True,
1,2021,2022,60,0.5,40035,-0.9994418755895306,0.4493837492992626,0.5100287248657425,-0.999442823034959,7.323891594854502,0.5078556263269639,416,True,
1,2021,2022,60,0.55,7145,-0.705506267653365,0.47699180784603745,0.5230230930720784,-0.7058005553578366,8.1518544436669,0.5179846046186144,416,True,
1,2021,2022,60,0.6,875,-0.09299391933342593,0.6033369584017609,0.5737142857142857,-0.09335654949800365,12.878857142857143,0.56,416,True,max_inner_2bps_compound_return_with_min_trades
1,2021,2022,60,0.65,174,-0.010080408465450552,0.7471859088695029,0.5977011494252874,-0.013448171460729741,28.316091954022987,0.5517241379310345,416,False,
1,2021,2022,60,0.7,75,-2.038536170312355e-06,1.000323784025941,0.64,-0.005785828359814338,37.52,0.6133333333333333,416,False,
1,2021,2022,60,0.75,31,0.004495669878282316,2.7401203468383173,0.7741935483870968,-0.0007606322716362524,41.58064516129032,0.7419354838709677,416,False,
1,2021,2022,60,0.8,15,0.004019561103039138,22.35847522193587,0.9333333333333333,-0.0001878482301816975,33.13333333333333,0.9333333333333333,416,False,
2,2022,2023,15,0.34,45922,-0.9998152887938742,0.4333111250495641,0.4884586908235704,-0.9998152702599277,5.176516702234223,0.4700797003614825,460,True,
2,2022,2023,15,0.4,42640,-0.99966810501741,0.43611246885975546,0.4924718574108818,-0.9996680717150243,4.824272983114446,0.4789634146341463,460,True,
2,2022,2023,15,0.45,36747,-0.9989880848829328,0.44147797166377817,0.4995781968596076,-0.9989883883664229,4.243693362723488,0.4909244292051052,460,True,
2,2022,2023,15,0.5,24910,-0.9909448267515318,0.44470355330285893,0.5059413890004014,-0.990938483690115,3.2877559213167404,0.5024889602569249,460,True,
2,2022,2023,15,0.55,3378,-0.4442216059703229,0.47238145271861576,0.5207223208999407,-0.44429292467416903,2.5467732386027233,0.5168738898756661,460,True,
2,2022,2023,15,0.6,466,-0.060956392600711506,0.547119381575634,0.5493562231759657,-0.062133940096266604,2.924892703862661,0.5343347639484979,460,True,max_inner_2bps_compound_return_with_min_trades
2,2022,2023,15,0.65,105,-0.009193309637008817,0.6542253914429299,0.6,-0.012361643038320547,5.0095238095238095,0.5238095238095238,460,False,
2,2022,2023,15,0.7,37,-0.0026125719892016175,0.7090664846595831,0.5945945945945946,-0.00481779599701615,6.162162162162162,0.5675675675675675,460,False,
2,2022,2023,15,0.75,11,0.0007048814085444111,1.4847280351915713,0.7272727272727273,-0.000800259831956085,7.818181818181818,0.6363636363636364,460,False,
2,2022,2023,15,0.8,2,0.000600089999999831,inf,1.0,0.0,11.0,1.0,460,False,
2,2022,2023,30,0.34,46833,-0.9998471000846492,0.4439786437963169,0.5031067836781756,-0.999846992979735,6.377831870689471,0.49646616701898233,469,True,
2,2022,2023,30,0.4,46153,-0.9998312206460369,0.4438730223204188,0.5040192403527398,-0.9998311024177293,6.197516954477499,0.4982124672285659,469,True,
2,2022,2023,30,0.45,44707,-0.9997658705961632,0.4473404136618094,0.5066097031784732,-0.9997657065907767,5.853020779743664,0.5025611201825217,469,True,
2,2022,2023,30,0.5,38630,-0.9991849033008144,0.4545002993576116,0.5125550090603158,-0.9991845769603598,5.042091638622832,0.5099404607817758,469,True,
2,2022,2023,30,0.55,4832,-0.5518083659478421,0.48701143029862987,0.5275248344370861,-0.5517633943409574,4.074917218543046,0.5240066225165563,469,True,max_inner_2bps_compound_return_with_min_trades
2,2022,2023,30,0.6,360,-0.05228683032787618,0.4910930257632259,0.5027777777777778,-0.05589931238768164,9.838888888888889,0.46111111111111114,469,False,
2,2022,2023,30,0.65,100,-0.0099455218195601,0.55676362738814,0.45,-0.012194778709144094,22.82,0.38,469,False,
2,2022,2023,30,0.7,66,-0.00320271565014818,0.7475030523081572,0.5303030303030303,-0.0038629825374277837,23.03030303030303,0.4393939393939394,469,False,
2,2022,2023,30,0.75,44,-0.0030215345813715544,0.6668550829171256,0.5227272727272727,-0.004532792739443292,20.272727272727273,0.4318181818181818,469,False,
2,2022,2023,30,0.8,20,0.000391361772612564,1.1270009089405957,0.7,-0.001799159902102998,18.75,0.55,469,False,
2,2022,2023,60,0.34,46222,-0.9998060773108534,0.4536739434465795,0.5125481372506598,-0.9998062322958817,6.858919994807668,0.5108389944182424,463,True,
2,2022,2023,60,0.4,46159,-0.9998056910872781,0.4534049434931284,0.5124894386793475,-0.9998058463809804,6.8307155700946725,0.5108862843649126,463,True,
2,2022,2023,60,0.45,45991,-0.9998016346220734,0.45322010470823715,0.5127090082842295,-0.9998017931577448,6.745189276162727,0.5111434845948121,463,True,
2,2022,2023,60,0.5,44589,-0.9997393262682737,0.45408741033048805,0.5136917176882191,-0.9997392739535768,6.429881809414878,0.5122563861041961,463,True,
2,2022,2023,60,0.55,6365,-0.6621928242324695,0.4794120781424904,0.5252160251374706,-0.6622263616909198,6.77439120188531,0.5212882953652789,463,True,
2,2022,2023,60,0.6,813,-0.1237689139738627,0.48208846483727585,0.5153751537515375,-0.12328201235205061,13.220172201722017,0.4981549815498155,463,True,max_inner_2bps_compound_return_with_min_trades
2,2022,2023,60,0.65,283,-0.0438120226167642,0.4755570212786175,0.49823321554770317,-0.045257490483123886,24.452296819787986,0.4664310954063604,463,False,
2,2022,2023,60,0.7,135,-0.012822521381926855,0.6126246342814688,0.5555555555555556,-0.014845145523713854,38.422222222222224,0.4740740740740741,463,False,
2,2022,2023,60,0.75,83,-0.0067927272435927,0.6525229152492481,0.5421686746987951,-0.010214861344859938,41.83132530120482,0.4939759036144578,463,False,
2,2022,2023,60,0.8,53,-0.0024827748874224342,0.7861203339992102,0.6037735849056604,-0.005323221484589635,42.39622641509434,0.5660377358490566,463,False,
3,2023,2024,15,0.34,34874,-0.9987452053641087,0.41588433363154476,0.4714113666341687,-0.9987455816896018,6.022337558066181,0.4446579113379595,350,True,
3,2023,2024,15,0.4,30586,-0.9971066252638953,0.4250037012537326,0.48260642123847514,-0.9971054668427803,5.390963185771268,0.46361080232786245,350,True,
3,2023,2024,15,0.45,23281,-0.987601288156545,0.43959905788687403,0.49886173274343887,-0.9875963240814056,4.332588806322753,0.48898243202611574,350,True,
3,2023,2024,15,0.5,10621,-0.8672093096436937,0.44403241195387877,0.5071085585161472,-0.8673682604314834,2.907541662743621,0.5048488842858488,350,True,max_inner_2bps_compound_return_with_min_trades
3,2023,2024,15,0.55,112,-0.002962096320482388,0.8792049691817013,0.6517857142857143,-0.007544322955620575,4.964285714285714,0.6339285714285714,350,False,
3,2023,2024,15,0.6,19,0.005182138808439651,23.43690198773942,0.9473684210526315,-0.00023040587884970432,11.421052631578947,0.9473684210526315,350,False,
3,2023,2024,15,0.65,10,0.002680724647389665,120.23022673244273,0.9,-2.2456915148461043e-05,10.0,0.9,350,False,
3,2023,2024,15,0.7,3,0.0009002700269997721,inf,1.0,0.0,6.666666666666667,1.0,350,False,
3,2023,2024,15,0.75,0,0.0,,,0.0,,,350,False,
3,2023,2024,15,0.8,0,0.0,,,0.0,,,350,False,
3,2023,2024,30,0.34,36294,-0.999085618997792,0.42749607282758184,0.4881798644404034,-0.9990853860162969,8.10715269741555,0.47487187964952887,364,True,
3,2023,2024,30,0.4,35558,-0.9989182515478972,0.4306377043971657,0.4911693571066989,-0.9989179759216853,7.839192305528995,0.479638899825637,364,True,
3,2023,2024,30,0.45,33725,-0.9984388650734922,0.4344834494343413,0.4955967383246849,-0.9984402692523345,7.224047442550037,0.48747220163083765,364,True,
3,2023,2024,30,0.5,23946,-0.9892579248181993,0.4432656282891606,0.5046771903449427,-0.9892643671641078,5.58991063225591,0.5005011275369582,364,True,max_inner_2bps_compound_return_with_min_trades
3,2023,2024,30,0.55,340,-0.03731791265037654,0.5764592407412934,0.5411764705882353,-0.03713119189505809,14.58235294117647,0.4823529411764706,364,False,
3,2023,2024,30,0.6,82,0.006066826209659704,1.6044316831223306,0.7195121951219512,-0.002370237825159771,22.76829268292683,0.5975609756097561,364,False,
3,2023,2024,30,0.65,51,0.0055757627970891566,2.038373873213386,0.7450980392156863,-0.00179915990210322,22.176470588235293,0.6666666666666666,364,False,
3,2023,2024,30,0.7,25,0.006581490261287071,29.47564119317106,0.96,-0.00023040587884981534,20.48,0.88,364,False,
3,2023,2024,30,0.75,11,0.0026864325492428343,9.473602416876565,0.9090909090909091,-0.0003166694007187276,20.818181818181817,0.9090909090909091,364,False,
3,2023,2024,30,0.8,5,0.0015009002700401286,inf,1.0,0.0,10.6,1.0,364,False,
3,2023,2024,60,0.34,35429,-0.9986672015168134,0.44757322192630306,0.5073245081712722,-0.9986685333828705,9.09091422281182,0.5028648846989754,355,True,
3,2023,2024,60,0.4,35357,-0.9986545244640653,0.4474527478672298,0.507367706536188,-0.9986558689983063,9.043470882710638,0.502927284554685,355,True,
3,2023,2024,60,0.45,35183,-0.9986217529238223,0.44745684525322355,0.5078020634965751,-0.9986231302066766,8.9106955063525,0.5037660233635562,355,True,
3,2023,2024,60,0.5,33147,-0.9978781771126094,0.4512234438211502,0.5104836033426856,-0.997877752663142,8.434368117778382,0.5075572449995475,355,True,
3,2023,2024,60,0.55,2301,-0.3261803319130646,0.4647381058597709,0.5084745762711864,-0.3265844418553515,17.353324641460233,0.49109083007388094,355,True,max_inner_2bps_compound_return_with_min_trades
3,2023,2024,60,0.6,339,-0.031158876376569333,0.6250327929537608,0.56047197640118,-0.030770981230967775,34.12979351032448,0.49557522123893805,355,False,
3,2023,2024,60,0.65,163,0.0007442850357173292,1.0271526545701164,0.6319018404907976,-0.0038242411746757243,39.693251533742334,0.558282208588957,355,False,
3,2023,2024,60,0.7,114,0.005241418780078,1.307645251570232,0.6842105263157895,-0.0025579270524540565,37.40350877192982,0.6403508771929824,355,False,
3,2023,2024,60,0.75,73,0.010102621843457893,2.421252772500013,0.7945205479452054,-0.0018630569337875214,34.43835616438356,0.7808219178082192,355,False,
3,2023,2024,60,0.8,37,0.007213457916308119,4.406398266942648,0.8378378378378378,-0.0007000000000000339,36.648648648648646,0.8378378378378378,355,False,
4,2024,2025,15,0.34,42279,-0.9997440621820489,0.4171846224868516,0.4782043094680574,-0.9997439597121653,5.363159015113887,0.46003926299108305,424,True,
4,2024,2025,15,0.4,38938,-0.9995061633317229,0.4219411891300213,0.48443679695926856,-0.9995058742786243,4.956443576968514,0.47036314140428376,424,True,
4,2024,2025,15,0.45,32942,-0.9984960738708617,0.42460609476255573,0.49101451035152693,-0.9984974564178603,4.300892477688058,0.48160403132778823,424,True,
4,2024,2025,15,0.5,21974,-0.9865295245483038,0.43218561878242806,0.4993173750796396,-0.98659008237403,3.259579503049058,0.4958587421498134,424,True,
4,2024,2025,15,0.55,2789,-0.380794495937157,0.4779907036405613,0.5245607744711366,-0.3811037582220297,2.5600573682323415,0.5234851201147365,424,True,max_inner_2bps_compound_return_with_min_trades
4,2024,2025,15,0.6,248,-0.03305789193901831,0.5469694958904618,0.5483870967741935,-0.0337000046686079,2.995967741935484,0.5403225806451613,424,False,
4,2024,2025,15,0.65,47,-0.003397434778282471,0.7018905171578348,0.5957446808510638,-0.004492355026072925,6.170212765957447,0.5319148936170213,424,False,
4,2024,2025,15,0.7,19,0.002088848243398056,2.05820278868509,0.7368421052631579,-0.0013995100000002703,9.421052631578947,0.6842105263157895,424,False,
4,2024,2025,15,0.75,11,0.002434473441518481,9.865368340947143,0.9090909090909091,-0.00027431866724514364,10.363636363636363,0.7272727272727273,424,False,
4,2024,2025,15,0.8,7,0.0021018909452830137,inf,1.0,0.0,7.285714285714286,1.0,424,False,
4,2024,2025,30,0.34,43317,-0.9997833046472913,0.43012611445035037,0.4948865341551816,-0.9997832930857752,6.693261306184639,0.48685273680079416,434,True,
4,2024,2025,30,0.4,42680,-0.9997458305648282,0.43256752205373394,0.4970243673851921,-0.9997457407490294,6.49892221180881,0.4900421743205248,434,True,
4,2024,2025,30,0.45,41201,-0.9996453987805326,0.43614517379440865,0.5001577631610883,-0.9996451503858027,6.120482512560375,0.49493944321739763,434,True,
4,2024,2025,30,0.5,34104,-0.9987358784822995,0.4337282584967167,0.5010849167253109,-0.9987357516401819,5.071340605207601,0.49835796387520526,434,True,
4,2024,2025,30,0.55,4187,-0.5218088328768852,0.4683257502142846,0.5187485072844519,-0.5225980644140501,4.244088846429424,0.5156436589443516,434,True,
4,2024,2025,30,0.6,449,-0.0663429455116844,0.5050773800349083,0.532293986636971,-0.06624234904426729,6.514476614699332,0.5100222717149221,434,True,max_inner_2bps_compound_return_with_min_trades
4,2024,2025,30,0.65,76,-0.005198728930218888,0.700581070732742,0.5657894736842105,-0.005200050980737836,17.710526315789473,0.4868421052631579,434,False,
4,2024,2025,30,0.7,46,7.003405459049539e-05,1.009496407364832,0.6304347826086957,-0.002027284258626638,21.41304347826087,0.5217391304347826,434,False,
4,2024,2025,30,0.75,32,0.000402185793874521,1.076000488055319,0.6875,-0.0022061018776183827,20.5,0.53125,434,False,
4,2024,2025,30,0.8,20,0.000571033611968863,1.1720497427347072,0.65,-0.001827098257727866,18.35,0.65,434,False,
4,2024,2025,60,0.34,42820,-0.9997182781648007,0.44244875669635375,0.5060252218589444,-0.9997183061341129,7.299065857076132,0.5038533395609528,429,True,
4,2024,2025,60,0.4,42733,-0.999709587513312,0.4431498317228427,0.5065172115227108,-0.999709616345431,7.245079914819929,0.5044813142068191,429,True,
4,2024,2025,60,0.45,42511,-0.999701946967305,0.44270547304967994,0.5065982922067229,-0.9997019765579765,7.141492790101386,0.5046693796899626,429,True,
4,2024,2025,60,0.5,40741,-0.9995483054612049,0.4465321621341535,0.5090940330379716,-0.9995484399803981,6.810387570260916,0.5075722245403893,429,True,
4,2024,2025,60,0.55,2826,-0.3661039779830595,0.4919384336888938,0.5258315640481246,-0.36623050362263354,14.35102618542109,0.5166312809624911,429,True,
4,2024,2025,60,0.6,697,-0.08366122927803643,0.5586604184495554,0.5451936872309899,-0.08482348115135385,25.724533715925393,0.5208034433285509,429,True,max_inner_2bps_compound_return_with_min_trades
4,2024,2025,60,0.65,248,-0.021960815933576905,0.6479637011410504,0.5766129032258065,-0.0233126770526787,31.657258064516128,0.5241935483870968,429,False,
4,2024,2025,60,0.7,86,-0.0013583649751975901,0.9222193864779564,0.6511627906976745,-0.0035995697347023237,37.96511627906977,0.5930232558139535,429,False,
4,2024,2025,60,0.75,50,0.004029606877264502,1.5758655352567312,0.74,-0.0013995100000001592,41.7,0.72,429,False,
4,2024,2025,60,0.8,34,0.00414291162179925,2.1444248056490416,0.7941176470588235,-0.0013995100000002703,39.38235294117647,0.7352941176470589,429,False,
