horizon_min,validation_year,top_k,long_threshold,short_threshold,cost_bps,auc,trades,compound,profit_factor,win_rate,max_drawdown,selected_features
15,2022,3,0.5,0.5,0,0.5169558620394166,14368,0.03033224265091161,1.0070380340206702,0.5066815144766147,-0.10174524308800736,distance_high_60|distance_sma_60|distance_sma_15
15,2022,3,0.5,0.5,1,0.5169558620394166,14368,-0.7551203639380373,0.7785980493395699,0.45427338530066813,-0.7554199253491214,distance_high_60|distance_sma_60|distance_sma_15
15,2022,3,0.5,0.5,2,0.5169558620394166,14368,-0.9418076842934392,0.6025661277653653,0.4054844097995546,-0.9417742845658025,distance_high_60|distance_sma_60|distance_sma_15
15,2022,3,0.5,0.5,5,0.5169558620394166,14368,-0.9992197568756775,0.28404636696650093,0.27637806236080176,-0.9992190469040286,distance_high_60|distance_sma_60|distance_sma_15
15,2022,3,0.55,0.45,0,0.5169558620394166,931,-0.021274958978151348,0.9723428366452502,0.5316863587540279,-0.06873567150400295,distance_high_60|distance_sma_60|distance_sma_15
15,2022,3,0.55,0.45,1,0.5169558620394166,931,-0.10828752930481478,0.8497160665021437,0.5080558539205156,-0.1104737976810074,distance_high_60|distance_sma_60|distance_sma_15
15,2022,3,0.55,0.45,2,0.5169558620394166,931,-0.18757189981217692,0.7417815076651226,0.4758324382384533,-0.18789927924447458,distance_high_60|distance_sma_60|distance_sma_15
15,2022,3,0.55,0.45,5,0.5169558620394166,931,-0.3856145100514239,0.49071431699541007,0.40494092373791624,-0.3845709202243256,distance_high_60|distance_sma_60|distance_sma_15
15,2022,3,0.6,0.4,0,0.5169558620394166,134,-0.0005015602331768232,1.0007184496195074,0.5522388059701493,-0.03577911081884644,distance_high_60|distance_sma_60|distance_sma_15
15,2022,3,0.6,0.4,1,0.5169558620394166,134,-0.01380627447745053,0.9167845230765744,0.5223880597014925,-0.03887914676222404,distance_high_60|distance_sma_60|distance_sma_15
15,2022,3,0.6,0.4,2,0.5169558620394166,134,-0.026935188674301114,0.839363366840661,0.5149253731343284,-0.04444160630244631,distance_high_60|distance_sma_60|distance_sma_15
15,2022,3,0.6,0.4,5,0.5169558620394166,134,-0.06529003803927325,0.6413493834783769,0.4701492537313433,-0.06695341681007105,distance_high_60|distance_sma_60|distance_sma_15
15,2022,5,0.5,0.5,0,0.5168643613831163,14368,0.016709439437182727,1.0046414849904686,0.5072383073496659,-0.12098953802961532,distance_high_60|distance_sma_60|distance_sma_15|momentum_30m|return_30m
15,2022,5,0.5,0.5,1,0.5168643613831163,14368,-0.7583584247986606,0.7766741631896629,0.4557349665924276,-0.7596281019491481,distance_high_60|distance_sma_60|distance_sma_15|momentum_30m|return_30m
15,2022,5,0.5,0.5,2,0.5168643613831163,14368,-0.9425772418797181,0.6008893799734379,0.4070155902004454,-0.9425752652405813,distance_high_60|distance_sma_60|distance_sma_15|momentum_30m|return_30m
15,2022,5,0.5,0.5,5,0.5168643613831163,14368,-0.9992300781876078,0.2826717899467856,0.27651726057906456,-0.9992293776076967,distance_high_60|distance_sma_60|distance_sma_15|momentum_30m|return_30m
15,2022,5,0.55,0.45,0,0.5168643613831163,871,-0.0041997429700123545,0.996752405161241,0.5315729047072331,-0.07353733205917401,distance_high_60|distance_sma_60|distance_sma_15|momentum_30m|return_30m
15,2022,5,0.55,0.45,1,0.5168643613831163,871,-0.08726853469007012,0.8751565351987568,0.5086107921928817,-0.10090494359506486,distance_high_60|distance_sma_60|distance_sma_15|momentum_30m|return_30m
15,2022,5,0.55,0.45,2,0.5168643613831163,871,-0.16341508830462004,0.7677418418095521,0.47761194029850745,-0.16416810688424632,distance_high_60|distance_sma_60|distance_sma_15|momentum_30m|return_30m
15,2022,5,0.55,0.45,5,0.5168643613831163,871,-0.3558480382459517,0.515734578053632,0.41446613088404133,-0.355074894434521,distance_high_60|distance_sma_60|distance_sma_15|momentum_30m|return_30m
15,2022,5,0.6,0.4,0,0.5168643613831163,109,-0.025025871990389192,0.8266650993932596,0.5229357798165137,-0.03806611195259757,distance_high_60|distance_sma_60|distance_sma_15|momentum_30m|return_30m
15,2022,5,0.6,0.4,1,0.5168643613831163,109,-0.0355983997984991,0.7595394916575576,0.4954128440366973,-0.04192025096420948,distance_high_60|distance_sma_60|distance_sma_15|momentum_30m|return_30m
15,2022,5,0.6,0.4,2,0.5168643613831163,109,-0.046057320617604924,0.6974102797258087,0.4954128440366973,-0.05017960247929243,distance_high_60|distance_sma_60|distance_sma_15|momentum_30m|return_30m
15,2022,5,0.6,0.4,5,0.5168643613831163,109,-0.0767644732746976,0.5360156022609388,0.46788990825688076,-0.07984181623533038,distance_high_60|distance_sma_60|distance_sma_15|momentum_30m|return_30m
15,2022,10,0.5,0.5,0,0.5168808555633486,14368,0.03591573667183967,1.0080127817115052,0.5053591314031181,-0.11044890754964876,distance_high_60|distance_sma_60|distance_sma_15|momentum_30m|return_30m|momentum_15m|return_15m|return_5m|momentum_5m|momentum_60m
15,2022,10,0.5,0.5,1,0.5168808555633486,14368,-0.753793198733857,0.7793954020326135,0.45434298440979953,-0.7548093858602831,distance_high_60|distance_sma_60|distance_sma_15|momentum_30m|return_30m|momentum_15m|return_15m|return_5m|momentum_5m|momentum_60m
15,2022,10,0.5,0.5,2,0.5168808555633486,14368,-0.9414922698979025,0.6032246551572784,0.4061108017817372,-0.9414902559112374,distance_high_60|distance_sma_60|distance_sma_15|momentum_30m|return_30m|momentum_15m|return_15m|return_5m|momentum_5m|momentum_60m
15,2022,10,0.5,0.5,5,0.5168808555633486,14368,-0.9992155265236082,0.2844434847635147,0.27589086859688194,-0.9992148127026078,distance_high_60|distance_sma_60|distance_sma_15|momentum_30m|return_30m|momentum_15m|return_15m|return_5m|momentum_5m|momentum_60m
15,2022,10,0.55,0.45,0,0.5168808555633486,813,0.01104752977758272,1.0207648088431653,0.5301353013530136,-0.06893404180229068,distance_high_60|distance_sma_60|distance_sma_15|momentum_30m|return_30m|momentum_15m|return_15m|return_5m|momentum_5m|momentum_60m
15,2022,10,0.55,0.45,1,0.5168808555633486,813,-0.06790095969415111,0.8961248511197405,0.5116851168511685,-0.10281773190392085,distance_high_60|distance_sma_60|distance_sma_15|momentum_30m|return_30m|momentum_15m|return_15m|return_5m|momentum_5m|momentum_60m
15,2022,10,0.55,0.45,2,0.5168808555633486,813,-0.14069167800913718,0.7860055905565466,0.48093480934809346,-0.14146515016126482,distance_high_60|distance_sma_60|distance_sma_15|momentum_30m|return_30m|momentum_15m|return_15m|return_5m|momentum_5m|momentum_60m
15,2022,10,0.55,0.45,5,0.5168808555633486,813,-0.32673088460265165,0.5277514539780117,0.4145141451414514,-0.3259227929086058,distance_high_60|distance_sma_60|distance_sma_15|momentum_30m|return_30m|momentum_15m|return_15m|return_5m|momentum_5m|momentum_60m
15,2022,10,0.6,0.4,0,0.5168808555633486,109,-0.007450861729129121,0.946137615670372,0.5504587155963303,-0.03631613013160018,distance_high_60|distance_sma_60|distance_sma_15|momentum_30m|return_30m|momentum_15m|return_15m|return_5m|momentum_5m|momentum_60m
15,2022,10,0.6,0.4,1,0.5168808555633486,109,-0.018212214901494828,0.8673590495959024,0.5321100917431193,-0.03978289877130181,distance_high_60|distance_sma_60|distance_sma_15|momentum_30m|return_30m|momentum_15m|return_15m|return_5m|momentum_5m|momentum_60m
15,2022,10,0.6,0.4,2,0.5168808555633486,109,-0.028857950935591847,0.7943687452193585,0.5321100917431193,-0.04356330392722518,distance_high_60|distance_sma_60|distance_sma_15|momentum_30m|return_30m|momentum_15m|return_15m|return_5m|momentum_5m|momentum_60m
15,2022,10,0.6,0.4,5,0.5168808555633486,109,-0.06011369924929244,0.6063178117084009,0.47706422018348627,-0.0632465428278639,distance_high_60|distance_sma_60|distance_sma_15|momentum_30m|return_30m|momentum_15m|return_15m|return_5m|momentum_5m|momentum_60m
15,2023,3,0.5,0.5,0,0.5120360720083944,14291,0.06014678330501466,1.014247862346726,0.5097613882863341,-0.12814736683908512,distance_sma_60|distance_high_60|distance_sma_15
15,2023,3,0.5,0.5,1,0.5120360720083944,14291,-0.7460858105990871,0.7429470059578969,0.4479042754180953,-0.7474026149854529,distance_sma_60|distance_high_60|distance_sma_15
15,2023,3,0.5,0.5,2,0.5120360720083944,14291,-0.9391940798055788,0.5451100699085851,0.3866069554264922,-0.9393337659874362,distance_sma_60|distance_high_60|distance_sma_15
15,2023,3,0.5,0.5,5,0.5120360720083944,14291,-0.9991656467519517,0.22445774552083592,0.2297949758589322,-0.9991662756680755,distance_sma_60|distance_high_60|distance_sma_15
15,2023,3,0.55,0.45,0,0.5120360720083944,449,-0.02246163182688954,0.9340656394586628,0.5100222717149221,-0.08236814253865199,distance_sma_60|distance_high_60|distance_sma_15
15,2023,3,0.55,0.45,1,0.5120360720083944,449,-0.06538662804414697,0.8114966787307997,0.48329621380846327,-0.10068131195365548,distance_sma_60|distance_high_60|distance_sma_15
15,2023,3,0.55,0.45,2,0.5120360720083944,449,-0.10643074456180945,0.7041866977890245,0.47438752783964366,-0.12809205746626973,distance_sma_60|distance_high_60|distance_sma_15
15,2023,3,0.55,0.45,5,0.5120360720083944,449,-0.21908243266898153,0.45528115868864777,0.4053452115812918,-0.21860442735923802,distance_sma_60|distance_high_60|distance_sma_15
15,2023,3,0.6,0.4,0,0.5120360720083944,50,-0.017283305338579025,0.7290954967945964,0.5,-0.027393939659958177,distance_sma_60|distance_high_60|distance_sma_15
15,2023,3,0.6,0.4,1,0.5120360720083944,50,-0.02218659767997444,0.6640503137512671,0.48,-0.030279005174925766,distance_sma_60|distance_high_60|distance_sma_15
15,2023,3,0.6,0.4,2,0.5120360720083944,50,-0.02706591182054008,0.6039681029125016,0.48,-0.03367025026626935,distance_sma_60|distance_high_60|distance_sma_15
15,2023,3,0.6,0.4,5,0.5120360720083944,50,-0.0415611311169547,0.45178762050829235,0.42,-0.04377500575235471,distance_sma_60|distance_high_60|distance_sma_15
15,2023,5,0.5,0.5,0,0.5122606943489761,14291,0.07087134166127673,1.016471802291764,0.5087117766426422,-0.1245250247765185,distance_sma_60|distance_high_60|distance_sma_15|return_30m|momentum_30m
15,2023,5,0.5,0.5,1,0.5122606943489761,14291,-0.7435169292921197,0.7446662664474433,0.44748443076061856,-0.7449599873553201,distance_sma_60|distance_high_60|distance_sma_15|return_30m|momentum_30m
15,2023,5,0.5,0.5,2,0.5122606943489761,14291,-0.9385788369380602,0.5465026548494869,0.3866069554264922,-0.9387470619234034,distance_sma_60|distance_high_60|distance_sma_15|return_30m|momentum_30m
15,2023,5,0.5,0.5,5,0.5122606943489761,14291,-0.9991572021015522,0.2251941418187274,0.22944510531103493,-0.9991578373830575,distance_sma_60|distance_high_60|distance_sma_15|return_30m|momentum_30m
15,2023,5,0.55,0.45,0,0.5122606943489761,331,0.003783292177043318,1.0176918930381462,0.5317220543806647,-0.04012494446615111,distance_sma_60|distance_high_60|distance_sma_15|return_30m|momentum_30m
15,2023,5,0.55,0.45,1,0.5122606943489761,331,-0.028899388364377998,0.8950707955033259,0.5075528700906344,-0.057122647387460534,distance_sma_60|distance_high_60|distance_sma_15|return_30m|momentum_30m
15,2023,5,0.55,0.45,2,0.5122606943489761,331,-0.06052104747950493,0.7864015877260677,0.4984894259818731,-0.07993621509531257,distance_sma_60|distance_high_60|distance_sma_15|return_30m|momentum_30m
15,2023,5,0.55,0.45,5,0.5122606943489761,331,-0.14935783340001396,0.5284590284684316,0.42900302114803623,-0.15106432051779028,distance_sma_60|distance_high_60|distance_sma_15|return_30m|momentum_30m
15,2023,5,0.6,0.4,0,0.5122606943489761,26,-0.009291780643840952,0.7727711921901723,0.46153846153846156,-0.0148595046365253,distance_sma_60|distance_high_60|distance_sma_15|return_30m|momentum_30m
15,2023,5,0.6,0.4,1,0.5122606943489761,26,-0.011865343367098768,0.7181415186754039,0.46153846153846156,-0.01614089828988441,distance_sma_60|distance_high_60|distance_sma_15|return_30m|momentum_30m
15,2023,5,0.6,0.4,2,0.5122606943489761,26,-0.014432477235838403,0.6670551206338123,0.46153846153846156,-0.017420753264244193,distance_sma_60|distance_high_60|distance_sma_15|return_30m|momentum_30m
15,2023,5,0.6,0.4,5,0.5122606943489761,26,-0.02209545972449889,0.534263051777299,0.38461538461538464,-0.021251103043083752,distance_sma_60|distance_high_60|distance_sma_15|return_30m|momentum_30m
15,2023,10,0.5,0.5,0,0.5122056304375096,14291,0.05881639446898057,1.0139707465751184,0.5084318802043244,-0.1531052159138715,distance_sma_60|distance_high_60|distance_sma_15|return_30m|momentum_30m|momentum_15m|return_15m|momentum_60m|return_60m|return_5m
15,2023,10,0.5,0.5,1,0.5122056304375096,14291,-0.7464044819112406,0.742878314445292,0.4458750262402911,-0.7471761580201121,distance_sma_60|distance_high_60|distance_sma_15|return_30m|momentum_30m|momentum_15m|return_15m|momentum_60m|return_60m|return_5m
15,2023,10,0.5,0.5,2,0.5122056304375096,14291,-0.9392704010200753,0.5453110364142403,0.3849975509061647,-0.9393343635554592,distance_sma_60|distance_high_60|distance_sma_15|return_30m|momentum_30m|momentum_15m|return_15m|momentum_60m|return_60m|return_5m
15,2023,10,0.5,0.5,5,0.5122056304375096,14291,-0.9991666943136822,0.2250730277970183,0.22972500174935273,-0.9991673224401783,distance_sma_60|distance_high_60|distance_sma_15|return_30m|momentum_30m|momentum_15m|return_15m|momentum_60m|return_60m|return_5m
15,2023,10,0.55,0.45,0,0.5122056304375096,335,0.010987481744741512,1.04566780346033,0.5492537313432836,-0.04495932201897401,distance_sma_60|distance_high_60|distance_sma_15|return_30m|momentum_30m|momentum_15m|return_15m|momentum_60m|return_60m|return_5m
15,2023,10,0.55,0.45,1,0.5122056304375096,335,-0.022320233097981146,0.9195887784753386,0.5223880597014925,-0.05722473336356726,distance_sma_60|distance_high_60|distance_sma_15|return_30m|momentum_30m|momentum_15m|return_15m|momentum_60m|return_60m|return_5m
15,2023,10,0.55,0.45,2,0.5122056304375096,335,-0.05453376892290973,0.807569716924266,0.5164179104477612,-0.07802858372996169,distance_sma_60|distance_high_60|distance_sma_15|return_30m|momentum_30m|momentum_15m|return_15m|momentum_60m|return_60m|return_5m
15,2023,10,0.55,0.45,5,0.5122056304375096,335,-0.14496189134652382,0.540545306316126,0.44776119402985076,-0.14514514419216673,distance_sma_60|distance_high_60|distance_sma_15|return_30m|momentum_30m|momentum_15m|return_15m|momentum_60m|return_60m|return_5m
15,2023,10,0.6,0.4,0,0.5122056304375096,23,-0.011637741200864471,0.6813678281071824,0.391304347826087,-0.020725729915006874,distance_sma_60|distance_high_60|distance_sma_15|return_30m|momentum_30m|momentum_15m|return_15m|momentum_60m|return_60m|return_5m
15,2023,10,0.6,0.4,1,0.5122056304375096,23,-0.013909644005366983,0.632184899790097,0.391304347826087,-0.0218044470149088,distance_sma_60|distance_high_60|distance_sma_15|return_30m|momentum_30m|momentum_15m|return_15m|momentum_60m|return_60m|return_5m
15,2023,10,0.6,0.4,2,0.5122056304375096,23,-0.016176551052200283,0.5865245381323547,0.391304347826087,-0.02288208377257983,distance_sma_60|distance_high_60|distance_sma_15|return_30m|momentum_30m|momentum_15m|return_15m|momentum_60m|return_60m|return_5m
15,2023,10,0.6,0.4,5,0.5122056304375096,23,-0.022947402412248685,0.46998498686258455,0.34782608695652173,-0.026108521727001732,distance_sma_60|distance_high_60|distance_sma_15|return_30m|momentum_30m|momentum_15m|return_15m|momentum_60m|return_60m|return_5m
15,2024,3,0.5,0.5,0,0.5175284157923316,14336,0.11498833139697329,1.0230586447963137,0.5169503348214286,-0.08641472346081658,distance_high_60|distance_sma_60|distance_sma_15
15,2024,3,0.5,0.5,1,0.5175284157923316,14336,-0.7341485652506674,0.7726326256047733,0.46058872767857145,-0.7357351753641332,distance_high_60|distance_sma_60|distance_sma_15
15,2024,3,0.5,0.5,2,0.5175284157923316,14336,-0.9366209941869085,0.5836136710229366,0.40394810267857145,-0.936679484267358,distance_high_60|distance_sma_60|distance_sma_15
15,2024,3,0.5,0.5,5,0.5175284157923316,14336,-0.99914199284987,0.2573978700863875,0.25802176339285715,-0.9991420520220841,distance_high_60|distance_sma_60|distance_sma_15
15,2024,3,0.55,0.45,0,0.5175284157923316,486,-0.0017191445187972887,0.9989927276635983,0.551440329218107,-0.04431445750874208,distance_high_60|distance_sma_60|distance_sma_15
15,2024,3,0.55,0.45,1,0.5175284157923316,486,-0.049078110876834335,0.8909169695562673,0.5370370370370371,-0.06945643326354323,distance_high_60|distance_sma_60|distance_sma_15
15,2024,3,0.55,0.45,2,0.5175284157923316,486,-0.09419474626249669,0.7934233256879543,0.5164609053497943,-0.10095499093438898,distance_high_60|distance_sma_60|distance_sma_15
15,2024,3,0.55,0.45,5,0.5175284157923316,486,-0.2171255190729109,0.5547197676634149,0.4670781893004115,-0.22066582366129373,distance_high_60|distance_sma_60|distance_sma_15
15,2024,3,0.6,0.4,0,0.5175284157923316,52,-0.024248668479500912,0.6742514450004877,0.4423076923076923,-0.0363059696105843,distance_high_60|distance_sma_60|distance_sma_15
15,2024,3,0.6,0.4,1,0.5175284157923316,52,-0.02931206586079238,0.619398531780665,0.4230769230769231,-0.03900423920365226,distance_high_60|distance_sma_60|distance_sma_15
15,2024,3,0.6,0.4,2,0.5175284157923316,52,-0.034349690834787894,0.5693926135850381,0.40384615384615385,-0.041695222940900445,distance_high_60|distance_sma_60|distance_sma_15
15,2024,3,0.6,0.4,5,0.5175284157923316,52,-0.049309214377985744,0.44037886821624717,0.40384615384615385,-0.05001066841672974,distance_high_60|distance_sma_60|distance_sma_15
15,2024,5,0.5,0.5,0,0.5090740663218634,14336,-0.14528532876431444,0.971272334304681,0.5038364955357143,-0.1682309209090037,distance_high_60|distance_sma_60|distance_sma_15|return_15m|momentum_15m
15,2024,5,0.5,0.5,1,0.5090740663218634,14336,-0.7962121447311897,0.733626712494455,0.44956752232142855,-0.7986412494783063,distance_high_60|distance_sma_60|distance_sma_15|return_15m|momentum_15m
15,2024,5,0.5,0.5,2,0.5090740663218634,14336,-0.9514182489462842,0.5544528681089995,0.3944614955357143,-0.9514592282158748,distance_high_60|distance_sma_60|distance_sma_15|return_15m|momentum_15m
15,2024,5,0.5,0.5,5,0.5090740663218634,14336,-0.9993423664066667,0.24490969558082243,0.25411551339285715,-0.9993424117601766,distance_high_60|distance_sma_60|distance_sma_15|return_15m|momentum_15m
15,2024,5,0.55,0.45,0,0.5090740663218634,174,0.012014851432167184,1.0804017984718728,0.5517241379310345,-0.026921253083584173,distance_high_60|distance_sma_60|distance_sma_15|return_15m|momentum_15m
15,2024,5,0.55,0.45,1,0.5090740663218634,174,-0.005441622222002063,0.9697338899056865,0.5344827586206896,-0.032938638233392825,distance_high_60|distance_sma_60|distance_sma_15|return_15m|momentum_15m
15,2024,5,0.55,0.45,2,0.5090740663218634,174,-0.022598686010586233,0.8698233456979056,0.5,-0.03891940922366066,distance_high_60|distance_sma_60|distance_sma_15|return_15m|momentum_15m
15,2024,5,0.55,0.45,5,0.5090740663218634,174,-0.07232404910423362,0.6246982139568343,0.45977011494252873,-0.07940498578331956,distance_high_60|distance_sma_60|distance_sma_15|return_15m|momentum_15m
15,2024,5,0.6,0.4,0,0.5090740663218634,8,-0.00299468598098096,0.7146863368877616,0.375,-0.0066453354782047835,distance_high_60|distance_sma_60|distance_sma_15|return_15m|momentum_15m
15,2024,5,0.6,0.4,1,0.5090740663218634,8,-0.0037923129609291895,0.6544097744296928,0.375,-0.007043280699978838,distance_high_60|distance_sma_60|distance_sma_15|return_15m|momentum_15m
15,2024,5,0.6,0.4,2,0.5090740663218634,8,-0.00458938153082622,0.59941810217992,0.375,-0.007441106344984072,distance_high_60|distance_sma_60|distance_sma_15|return_15m|momentum_15m
15,2024,5,0.6,0.4,5,0.5090740663218634,8,-0.006977240130596085,0.46000980167797895,0.375,-0.008633866058941564,distance_high_60|distance_sma_60|distance_sma_15|return_15m|momentum_15m
15,2024,10,0.5,0.5,0,0.5074401693559968,14336,-0.029952144311153783,0.9955964921429444,0.5093470982142857,-0.1448135391799824,distance_high_60|distance_sma_60|distance_sma_15|return_15m|momentum_15m|return_30m|momentum_30m|return_60m|momentum_60m|return_5m
15,2024,10,0.5,0.5,1,0.5074401693559968,14336,-0.768710563672105,0.7519922365982483,0.45486886160714285,-0.7693240424875791,distance_high_60|distance_sma_60|distance_sma_15|return_15m|momentum_15m|return_30m|momentum_30m|return_60m|momentum_60m|return_5m
15,2024,10,0.5,0.5,2,0.5074401693559968,14336,-0.9448613457627508,0.5682160135136944,0.3989955357142857,-0.9449078558561056,distance_high_60|distance_sma_60|distance_sma_15|return_15m|momentum_15m|return_30m|momentum_30m|return_60m|momentum_60m|return_5m
15,2024,10,0.5,0.5,5,0.5074401693559968,14336,-0.9992535796162659,0.25119437941919065,0.2534877232142857,-0.999253631092931,distance_high_60|distance_sma_60|distance_sma_15|return_15m|momentum_15m|return_30m|momentum_30m|return_60m|momentum_60m|return_5m
15,2024,10,0.55,0.45,0,0.5074401693559968,102,-0.0005783022718708342,0.9979905780235274,0.5490196078431373,-0.02320799412296337,distance_high_60|distance_sma_60|distance_sma_15|return_15m|momentum_15m|return_30m|momentum_30m|return_60m|momentum_60m|return_5m
15,2024,10,0.55,0.45,1,0.5074401693559968,102,-0.010721188616247379,0.9030614075062756,0.5294117647058824,-0.0272071408928638,distance_high_60|distance_sma_60|distance_sma_15|return_15m|momentum_15m|return_30m|momentum_30m|return_60m|momentum_60m|return_5m
15,2024,10,0.55,0.45,2,0.5074401693559968,102,-0.020762136336990644,0.8168282228788556,0.4803921568627451,-0.032075534244816684,distance_high_60|distance_sma_60|distance_sma_15|return_15m|momentum_15m|return_30m|momentum_30m|return_60m|momentum_60m|return_5m
15,2024,10,0.55,0.45,5,0.5074401693559968,102,-0.05028344254378825,0.6022503885927986,0.45098039215686275,-0.05653906819997101,distance_high_60|distance_sma_60|distance_sma_15|return_15m|momentum_15m|return_30m|momentum_30m|return_60m|momentum_60m|return_5m
15,2024,10,0.6,0.4,0,0.5074401693559968,4,0.002200808040393909,1.530855841012598,0.5,-0.0037462940220559515,distance_high_60|distance_sma_60|distance_sma_15|return_15m|momentum_15m|return_30m|momentum_30m|return_60m|momentum_60m|return_5m
15,2024,10,0.6,0.4,1,0.5074401693559968,4,0.001800205983115255,1.4153208141393396,0.5,-0.0038462940220559405,distance_high_60|distance_sma_60|distance_sma_15|return_15m|momentum_15m|return_30m|momentum_30m|return_60m|momentum_60m|return_5m
15,2024,10,0.6,0.4,2,0.5074401693559968,4,0.0013997240346239614,1.309873747133679,0.5,-0.0039462940220559295,distance_high_60|distance_sma_60|distance_sma_15|return_15m|momentum_15m|return_30m|momentum_30m|return_60m|momentum_60m|return_5m
15,2024,10,0.6,0.4,5,0.5074401693559968,4,0.00019899860178673734,1.0423779034635559,0.5,-0.0042462940220560075,distance_high_60|distance_sma_60|distance_sma_15|return_15m|momentum_15m|return_30m|momentum_30m|return_60m|momentum_60m|return_5m
15,2025,3,0.5,0.5,0,0.5192916019502943,14306,0.07929980776084844,1.0146717212590073,0.5137704459667273,-0.11069320220780088,distance_high_60|distance_sma_15|distance_sma_60
15,2025,3,0.5,0.5,1,0.5192916019502943,14306,-0.7418856338145295,0.7992797401428495,0.4647001258213337,-0.7455966471416466,distance_high_60|distance_sma_15|distance_sma_60
15,2025,3,0.5,0.5,2,0.5192916019502943,14306,-0.9382808249295845,0.6298521287650147,0.4158395078987837,-0.9387818621947415,distance_high_60|distance_sma_15|distance_sma_60
15,2025,3,0.5,0.5,5,0.5192916019502943,14306,-0.9991569158164172,0.3133795725864367,0.28407661121207883,-0.9991584116247298,distance_high_60|distance_sma_15|distance_sma_60
15,2025,3,0.55,0.45,0,0.5192916019502943,679,-0.02263762136874936,0.9689820498867521,0.5257731958762887,-0.06785859945630357,distance_high_60|distance_sma_15|distance_sma_60
15,2025,3,0.55,0.45,1,0.5192916019502943,679,-0.08680304216140755,0.8732764154507533,0.508100147275405,-0.11063214793361298,distance_high_60|distance_sma_15|distance_sma_60
15,2025,3,0.55,0.45,2,0.5192916019502943,679,-0.14676169444187126,0.7865469671976969,0.48306332842415317,-0.16491068832243938,distance_high_60|distance_sma_15|distance_sma_60
15,2025,3,0.55,0.45,5,0.5192916019502943,679,-0.30406239195362117,0.5728524607879495,0.4329896907216495,-0.3132544235071011,distance_high_60|distance_sma_15|distance_sma_60
15,2025,3,0.6,0.4,0,0.5192916019502943,96,0.018607601218750602,1.174822886979217,0.5625,-0.031542657506217875,distance_high_60|distance_sma_15|distance_sma_60
15,2025,3,0.6,0.4,1,0.5192916019502943,96,0.008877084894359788,1.0827565488682356,0.5520833333333334,-0.03542872235005845,distance_high_60|distance_sma_15|distance_sma_60
15,2025,3,0.6,0.4,2,0.5192916019502943,96,-0.0007614372315989382,0.9974381770599969,0.5208333333333334,-0.0417282881176716,distance_high_60|distance_sma_15|distance_sma_60
15,2025,3,0.6,0.4,5,0.5192916019502943,96,-0.02913360527268327,0.7781020055759749,0.4791666666666667,-0.06193872899256436,distance_high_60|distance_sma_15|distance_sma_60
15,2025,5,0.5,0.5,0,0.512310962822732,14306,-0.02981693268458596,0.9968183869302834,0.5093666992870124,-0.17749225188655215,distance_high_60|distance_sma_15|distance_sma_60|return_15m|momentum_15m
15,2025,5,0.5,0.5,1,0.512310962822732,14306,-0.7679833569599568,0.7852996904429955,0.45854886061792255,-0.7702959836738548,distance_high_60|distance_sma_15|distance_sma_60|return_15m|momentum_15m
15,2025,5,0.5,0.5,2,0.512310962822732,14306,-0.944521789496676,0.6190910986508174,0.41108625751432964,-0.9447805829092786,distance_high_60|distance_sma_15|distance_sma_60|return_15m|momentum_15m
15,2025,5,0.5,0.5,5,0.512310962822732,14306,-0.9992421916659996,0.3088774908466829,0.28058157416468615,-0.9992425750977653,distance_high_60|distance_sma_15|distance_sma_60|return_15m|momentum_15m
15,2025,5,0.55,0.45,0,0.512310962822732,226,-0.03652317311160269,0.8604471040611437,0.48672566371681414,-0.06918554779356634,distance_high_60|distance_sma_15|distance_sma_60|return_15m|momentum_15m
15,2025,5,0.55,0.45,1,0.512310962822732,226,-0.05805819565201009,0.783268146712964,0.47345132743362833,-0.08284200668376551,distance_high_60|distance_sma_15|distance_sma_60|return_15m|momentum_15m
15,2025,5,0.55,0.45,2,0.512310962822732,226,-0.07911396337667342,0.712723457709355,0.4646017699115044,-0.10128137131468518,distance_high_60|distance_sma_15|distance_sma_60|return_15m|momentum_15m
15,2025,5,0.55,0.45,5,0.512310962822732,226,-0.13951076449448818,0.5355076509726805,0.42035398230088494,-0.1544151114207052,distance_high_60|distance_sma_15|distance_sma_60|return_15m|momentum_15m
15,2025,5,0.6,0.4,0,0.512310962822732,7,0.01549644967079944,4.455153581647219,0.7142857142857143,-0.003352985826568289,distance_high_60|distance_sma_15|distance_sma_60|return_15m|momentum_15m
15,2025,5,0.6,0.4,1,0.512310962822732,7,0.014787367440258326,4.1576246365210485,0.7142857142857143,-0.003452985826568278,distance_high_60|distance_sma_15|distance_sma_60|return_15m|momentum_15m
15,2025,5,0.6,0.4,2,0.512310962822732,7,0.014078709643488896,3.8845069276129536,0.7142857142857143,-0.0035529858265682668,distance_high_60|distance_sma_15|distance_sma_60|return_15m|momentum_15m
15,2025,5,0.6,0.4,5,0.512310962822732,7,0.011955280738926044,3.1848705398404196,0.7142857142857143,-0.0038529858265683448,distance_high_60|distance_sma_15|distance_sma_60|return_15m|momentum_15m
15,2025,10,0.5,0.5,0,0.5018840134435735,14306,0.318096841516589,1.049023731964995,0.5113239200335523,-0.10026622278641695,distance_high_60|distance_sma_15|distance_sma_60|return_15m|momentum_15m|return_30m|momentum_30m|return_5m|momentum_5m|return_60m
15,2025,10,0.5,0.5,1,0.5018840134435735,14306,-0.6847710622887928,0.8266619370013968,0.46057598210541034,-0.6857262936525166,distance_high_60|distance_sma_15|distance_sma_60|return_15m|momentum_15m|return_30m|momentum_30m|return_5m|momentum_5m|return_60m
15,2025,10,0.5,0.5,2,0.5018840134435735,14306,-0.9246223320246931,0.6524008358019908,0.41003774640011187,-0.9247316492818577,distance_high_60|distance_sma_15|distance_sma_60|return_15m|momentum_15m|return_30m|momentum_30m|return_5m|momentum_5m|return_60m
15,2025,10,0.5,0.5,5,0.5018840134435735,14306,-0.9989702789600169,0.32812799380756813,0.2837970082482874,-0.9989697168785009,distance_high_60|distance_sma_15|distance_sma_60|return_15m|momentum_15m|return_30m|momentum_30m|return_5m|momentum_5m|return_60m
15,2025,10,0.55,0.45,0,0.5018840134435735,231,-0.01114951918732432,0.9584791225761887,0.5021645021645021,-0.028426967931802438,distance_high_60|distance_sma_15|distance_sma_60|return_15m|momentum_15m|return_30m|momentum_30m|return_5m|momentum_5m|return_60m
15,2025,10,0.55,0.45,1,0.5018840134435735,231,-0.03373244408530218,0.8712642907405289,0.4935064935064935,-0.04772095960091338,distance_high_60|distance_sma_15|distance_sma_60|return_15m|momentum_15m|return_30m|momentum_30m|return_5m|momentum_5m|return_60m
15,2025,10,0.55,0.45,2,0.5018840134435735,231,-0.05580181203086165,0.7916227854703495,0.48917748917748916,-0.06686291655421939,distance_high_60|distance_sma_15|distance_sma_60|return_15m|momentum_15m|return_30m|momentum_30m|return_5m|momentum_5m|return_60m
15,2025,10,0.55,0.45,5,0.5018840134435735,231,-0.11904356041505482,0.5918302602622814,0.42857142857142855,-0.12578541313432112,distance_high_60|distance_sma_15|distance_sma_60|return_15m|momentum_15m|return_30m|momentum_30m|return_5m|momentum_5m|return_60m
15,2025,10,0.6,0.4,0,0.5018840134435735,17,-0.029727848119045386,0.3291817641622411,0.29411764705882354,-0.037679629766871336,distance_high_60|distance_sma_15|distance_sma_60|return_15m|momentum_15m|return_30m|momentum_30m|return_5m|momentum_5m|return_60m
15,2025,10,0.6,0.4,1,0.5018840134435735,17,-0.03137893495638011,0.30967676521123977,0.29411764705882354,-0.038933601276014196,distance_high_60|distance_sma_15|distance_sma_60|return_15m|momentum_15m|return_30m|momentum_30m|return_5m|momentum_5m|return_60m
15,2025,10,0.6,0.4,2,0.5018840134435735,17,-0.03302737719217219,0.2911659343642161,0.29411764705882354,-0.040186064315378855,distance_high_60|distance_sma_15|distance_sma_60|return_15m|momentum_15m|return_30m|momentum_30m|return_5m|momentum_5m|return_60m
15,2025,10,0.6,0.4,5,0.5018840134435735,17,-0.037956875978393256,0.2408923456662595,0.29411764705882354,-0.04393441924212349,distance_high_60|distance_sma_15|distance_sma_60|return_15m|momentum_15m|return_30m|momentum_30m|return_5m|momentum_5m|return_60m
30,2022,3,0.5,0.5,0,0.5153811538991735,7189,-0.034415810307179884,0.9936056057950671,0.5003477535123104,-0.14946458770583093,distance_high_60|distance_sma_60|momentum_30m
30,2022,3,0.5,0.5,1,0.5153811538991735,7189,-0.5295014377591802,0.8297653579128298,0.4679371261649743,-0.5314820261285551,distance_high_60|distance_sma_60|momentum_30m
30,2022,3,0.5,0.5,2,0.5153811538991735,7189,-0.7707574519407536,0.6930440161087781,0.43399638336347196,-0.7714823716012961,distance_high_60|distance_sma_60|momentum_30m
30,2022,3,0.5,0.5,5,0.5153811538991735,7189,-0.9734955635224896,0.40598748758428926,0.33537348727222144,-0.9735197055669941,distance_high_60|distance_sma_60|momentum_30m
30,2022,3,0.55,0.45,0,0.5153811538991735,411,-0.0034247883312445992,0.9964268916481102,0.5328467153284672,-0.04847535473565523,distance_high_60|distance_sma_60|momentum_30m
30,2022,3,0.55,0.45,1,0.5153811538991735,411,-0.0435561995996665,0.9088293937302608,0.5255474452554745,-0.06077138552291006,distance_high_60|distance_sma_60|momentum_30m
30,2022,3,0.55,0.45,2,0.5153811538991735,411,-0.08207531958062275,0.8283265987831124,0.5060827250608273,-0.0860575863262838,distance_high_60|distance_sma_60|momentum_30m
30,2022,3,0.55,0.45,5,0.5153811538991735,411,-0.18859234094251698,0.6254482767556088,0.44282238442822386,-0.18580363136770983,distance_high_60|distance_sma_60|momentum_30m
30,2022,3,0.6,0.4,0,0.5153811538991735,47,-0.024770528821548066,0.723840265973995,0.48936170212765956,-0.03389653614829258,distance_high_60|distance_sma_60|momentum_30m
30,2022,3,0.6,0.4,1,0.5153811538991735,47,-0.029346053337590994,0.6798757760235226,0.48936170212765956,-0.03766054358543158,distance_high_60|distance_sma_60|momentum_30m
30,2022,3,0.6,0.4,2,0.5153811538991735,47,-0.03390056533311747,0.6381508245997005,0.48936170212765956,-0.04162980376574288,distance_high_60|distance_sma_60|momentum_30m
30,2022,3,0.6,0.4,5,0.5153811538991735,47,-0.04743896821425131,0.5259800165194772,0.46808510638297873,-0.0539254767889783,distance_high_60|distance_sma_60|momentum_30m
30,2022,5,0.5,0.5,0,0.5154124073135741,7189,-0.050319640592374815,0.9894787224552666,0.5041034914452636,-0.12448440274540717,distance_high_60|distance_sma_60|momentum_30m|return_30m|momentum_15m
30,2022,5,0.5,0.5,1,0.5154124073135741,7189,-0.5372516386361299,0.8262052287612686,0.47113645847823066,-0.5405590936973204,distance_high_60|distance_sma_60|momentum_30m|return_30m|momentum_15m
30,2022,5,0.5,0.5,2,0.5154124073135741,7189,-0.7745339821386168,0.6898089964513732,0.4371957156767283,-0.7756300621922262,distance_high_60|distance_sma_60|momentum_30m|return_30m|momentum_15m
30,2022,5,0.5,0.5,5,0.5154124073135741,7189,-0.9739323262445301,0.40329485813058,0.33662539991653917,-0.9739448897360555,distance_high_60|distance_sma_60|momentum_30m|return_30m|momentum_15m
30,2022,5,0.55,0.45,0,0.5154124073135741,502,-0.012652429865470216,0.9804862914438226,0.5537848605577689,-0.05527277487579385,distance_high_60|distance_sma_60|momentum_30m|return_30m|momentum_15m
30,2022,5,0.55,0.45,1,0.5154124073135741,502,-0.06099751006538001,0.8927360304086682,0.5438247011952191,-0.08348012003782124,distance_high_60|distance_sma_60|momentum_30m|return_30m|momentum_15m
30,2022,5,0.55,0.45,2,0.5154124073135741,502,-0.10697987685630195,0.8119280365889961,0.5199203187250996,-0.12232823235129242,distance_high_60|distance_sma_60|momentum_30m|return_30m|momentum_15m
30,2022,5,0.55,0.45,5,0.5154124073135741,502,-0.2318754235073529,0.6081839777957875,0.4581673306772908,-0.23227634294165878,distance_high_60|distance_sma_60|momentum_30m|return_30m|momentum_15m
30,2022,5,0.6,0.4,0,0.5154124073135741,62,-0.024323920282090405,0.7614942341940363,0.43548387096774194,-0.03832536098309591,distance_high_60|distance_sma_60|momentum_30m|return_30m|momentum_15m
30,2022,5,0.6,0.4,1,0.5154124073135741,62,-0.030357128522451093,0.7103686923410041,0.43548387096774194,-0.04005866967366467,distance_high_60|distance_sma_60|momentum_30m|return_30m|momentum_15m
30,2022,5,0.6,0.4,2,0.5154124073135741,62,-0.03635362777910589,0.6625433288366085,0.43548387096774194,-0.041789027540209744,distance_high_60|distance_sma_60|momentum_30m|return_30m|momentum_15m
30,2022,5,0.6,0.4,5,0.5154124073135741,62,-0.05412506234478509,0.5375249848825153,0.4032258064516129,-0.05733070660734618,distance_high_60|distance_sma_60|momentum_30m|return_30m|momentum_15m
30,2022,10,0.5,0.5,0,0.5151709787301142,7189,-0.028952814178871078,0.9950111018683568,0.5049380998748088,-0.1719240209262557,distance_high_60|distance_sma_60|momentum_30m|return_30m|momentum_15m|return_15m|distance_sma_15|momentum_60m|return_60m|sma_15_slope
30,2022,10,0.5,0.5,1,0.5151709787301142,7189,-0.5268392260088095,0.8308193453324211,0.4726665739323967,-0.531120505484777,distance_high_60|distance_sma_60|momentum_30m|return_30m|momentum_15m|return_15m|distance_sma_15|momentum_60m|return_60m|sma_15_slope
30,2022,10,0.5,0.5,2,0.5151709787301142,7189,-0.7694602037446677,0.6936459562746827,0.43816942551119764,-0.7708425039571154,distance_high_60|distance_sma_60|momentum_30m|return_30m|momentum_15m|return_15m|distance_sma_15|momentum_60m|return_60m|sma_15_slope
30,2022,10,0.5,0.5,5,0.5151709787301142,7189,-0.9733455338681335,0.4054768572148726,0.3384337181805536,-0.9733698125698573,distance_high_60|distance_sma_60|momentum_30m|return_30m|momentum_15m|return_15m|distance_sma_15|momentum_60m|return_60m|sma_15_slope
30,2022,10,0.55,0.45,0,0.5151709787301142,685,-0.007435952178504124,0.9929754283601971,0.5532846715328467,-0.06622337654533539,distance_high_60|distance_sma_60|momentum_30m|return_30m|momentum_15m|return_15m|distance_sma_15|momentum_60m|return_60m|sma_15_slope
30,2022,10,0.55,0.45,1,0.5151709787301142,685,-0.07315428720867756,0.8993870200472205,0.5372262773722628,-0.09689583338097063,distance_high_60|distance_sma_60|momentum_30m|return_30m|momentum_15m|return_15m|distance_sma_15|momentum_60m|return_60m|sma_15_slope
30,2022,10,0.55,0.45,2,0.5151709787301142,685,-0.13452729686564802,0.8137608441420068,0.5138686131386861,-0.1482847203398312,distance_high_60|distance_sma_60|momentum_30m|return_30m|momentum_15m|return_15m|distance_sma_15|momentum_60m|return_60m|sma_15_slope
30,2022,10,0.55,0.45,5,0.5151709787301142,685,-0.29535024785883823,0.6003945083049511,0.4467153284671533,-0.29573937950668383,distance_high_60|distance_sma_60|momentum_30m|return_30m|momentum_15m|return_15m|distance_sma_15|momentum_60m|return_60m|sma_15_slope
30,2022,10,0.6,0.4,0,0.5151709787301142,90,-0.007810125218795649,0.9461861932958782,0.5111111111111111,-0.03367701510204257,distance_high_60|distance_sma_60|momentum_30m|return_30m|momentum_15m|return_15m|distance_sma_15|momentum_60m|return_60m|sma_15_slope
30,2022,10,0.6,0.4,1,0.5151709787301142,90,-0.01670104393244498,0.8830690400342288,0.5111111111111111,-0.035781981917135885,distance_high_60|distance_sma_60|momentum_30m|return_30m|momentum_15m|return_15m|distance_sma_15|momentum_60m|return_60m|sma_15_slope
30,2022,10,0.6,0.4,2,0.5151709787301142,90,-0.025513169363102328,0.8238498349633043,0.5,-0.03800076949146247,distance_high_60|distance_sma_60|momentum_30m|return_30m|momentum_15m|return_15m|distance_sma_15|momentum_60m|return_60m|sma_15_slope
30,2022,10,0.6,0.4,5,0.5151709787301142,90,-0.051483661155708904,0.6683565016817958,0.45555555555555555,-0.052890157788125336,distance_high_60|distance_sma_60|momentum_30m|return_30m|momentum_15m|return_15m|distance_sma_15|momentum_60m|return_60m|sma_15_slope
30,2023,3,0.5,0.5,0,0.5137766780548723,7148,0.022944767793318777,1.0090358371343944,0.5107722439843313,-0.09524202560850692,distance_sma_60|distance_high_60|return_30m
30,2023,3,0.5,0.5,1,0.5137766780548723,7148,-0.49950047864092895,0.8097649938461912,0.4674034695019586,-0.5040325601472437,distance_sma_60|distance_high_60|return_30m
30,2023,3,0.5,0.5,2,0.5137766780548723,7148,-0.7551364744711276,0.6500103834652493,0.4220761052042529,-0.7569897021430402,distance_sma_60|distance_high_60|return_30m
30,2023,3,0.5,0.5,5,0.5137766780548723,7148,-0.9713384921762982,0.34148457574827057,0.2951874650251819,-0.9715036317315353,distance_sma_60|distance_high_60|return_30m
30,2023,3,0.55,0.45,0,0.5137766780548723,186,0.036592385694579566,1.2125014019404894,0.5806451612903226,-0.03229262460829829,distance_sma_60|distance_high_60|return_30m
30,2023,3,0.55,0.45,1,0.5137766780548723,186,0.017492608633189244,1.1000713085363247,0.5591397849462365,-0.04010296087268728,distance_sma_60|distance_high_60|return_30m
30,2023,3,0.55,0.45,2,0.5137766780548723,186,-0.0012571020197149618,0.9970973998739692,0.5483870967741935,-0.04785103218601605,distance_sma_60|distance_high_60|return_30m
30,2023,3,0.55,0.45,5,0.5137766780548723,186,-0.055469079687961775,0.7390795838958093,0.46774193548387094,-0.07310810034058779,distance_sma_60|distance_high_60|return_30m
30,2023,3,0.6,0.4,0,0.5137766780548723,12,0.010404354887379563,1.8106831145865898,0.5,-0.007224149646943623,distance_sma_60|distance_high_60|return_30m
30,2023,3,0.6,0.4,1,0.5137766780548723,12,0.009193570445907406,1.685735383402409,0.5,-0.007423416815098283,distance_sma_60|distance_high_60|return_30m
30,2023,3,0.6,0.4,2,0.5137766780548723,12,0.007984116129910568,1.571423823009637,0.5,-0.007622663983252953,distance_sma_60|distance_high_60|return_30m
30,2023,3,0.6,0.4,5,0.5137766780548723,12,0.004363720655534031,1.2779737130670217,0.3333333333333333,-0.00822028548771725,distance_sma_60|distance_high_60|return_30m
30,2023,5,0.5,0.5,0,0.5130306815312196,7148,-0.07751734019728895,0.9774766438124498,0.5058757694459989,-0.14702281545667228,distance_sma_60|distance_high_60|return_30m|momentum_30m|return_60m
30,2023,5,0.5,0.5,1,0.5130306815312196,7148,-0.548658567844422,0.7844001348203465,0.4609681029658646,-0.5549615136363206,distance_sma_60|distance_high_60|return_30m|momentum_30m|return_60m
30,2023,5,0.5,0.5,2,0.5130306815312196,7148,-0.7791887768127768,0.6297285596820119,0.4156407386681589,-0.7815940556159828,distance_sma_60|distance_high_60|return_30m|momentum_30m|return_60m
30,2023,5,0.5,0.5,5,0.5130306815312196,7148,-0.9741546390533363,0.3312269105749433,0.29043088975937326,-0.9743110822163162,distance_sma_60|distance_high_60|return_30m|momentum_30m|return_60m
30,2023,5,0.55,0.45,0,0.5130306815312196,203,0.05226290489206087,1.2721748959238557,0.5960591133004927,-0.034597412339299916,distance_sma_60|distance_high_60|return_30m|momentum_30m|return_60m
30,2023,5,0.55,0.45,1,0.5130306815312196,203,0.0311214435885252,1.1584453953479965,0.5714285714285714,-0.042868083620384745,distance_sma_60|distance_high_60|return_30m|momentum_30m|return_60m
30,2023,5,0.55,0.45,2,0.5130306815312196,203,0.010402693837208377,1.0538117916520728,0.5566502463054187,-0.051068716406990844,distance_sma_60|distance_high_60|return_30m|momentum_30m|return_60m
30,2023,5,0.55,0.45,5,0.5130306815312196,203,-0.04930056540043515,0.7895459703508895,0.4876847290640394,-0.08122630399994957,distance_sma_60|distance_high_60|return_30m|momentum_30m|return_60m
30,2023,5,0.6,0.4,0,0.5130306815312196,11,0.0030640660610667947,1.2188617320815334,0.45454545454545453,-0.007224149646943623,distance_sma_60|distance_high_60|return_30m|momentum_30m|return_60m
30,2023,5,0.6,0.4,1,0.5130306815312196,11,0.00196154683712102,1.13616990451307,0.45454545454545453,-0.007423416815098283,distance_sma_60|distance_high_60|return_30m|momentum_30m|return_60m
30,2023,5,0.6,0.4,2,0.5130306815312196,11,0.0008601293905527996,1.0598839791674235,0.45454545454545453,-0.007622663983252953,distance_sma_60|distance_high_60|return_30m|momentum_30m|return_60m
30,2023,5,0.6,0.4,5,0.5130306815312196,11,-0.0024375221912321665,0.8636061727423238,0.36363636363636365,-0.00822028548771725,distance_sma_60|distance_high_60|return_30m|momentum_30m|return_60m
30,2023,10,0.5,0.5,0,0.5134935355004101,7148,-0.08791134529286315,0.9740775628882758,0.5022383883603805,-0.16623495721772363,distance_sma_60|distance_high_60|return_30m|momentum_30m|return_60m|momentum_60m|momentum_15m|return_15m|distance_sma_15|distance_low_60
30,2023,10,0.5,0.5,1,0.5134935355004101,7148,-0.5537445297430421,0.7817921129095025,0.45803021824286516,-0.5645951271651997,distance_sma_60|distance_high_60|return_30m|momentum_30m|return_60m|momentum_60m|momentum_15m|return_15m|distance_sma_15|distance_low_60
30,2023,10,0.5,0.5,2,0.5134935355004101,7148,-0.7816772458029337,0.627850679051094,0.41354224958030217,-0.783692595945455,distance_sma_60|distance_high_60|return_30m|momentum_30m|return_60m|momentum_60m|momentum_15m|return_15m|distance_sma_15|distance_low_60
30,2023,10,0.5,0.5,5,0.5134935355004101,7148,-0.9744459945977547,0.3310718203017284,0.2884722999440403,-0.9745932295971348,distance_sma_60|distance_high_60|return_30m|momentum_30m|return_60m|momentum_60m|momentum_15m|return_15m|distance_sma_15|distance_low_60
30,2023,10,0.55,0.45,0,0.5134935355004101,249,-0.029251629605715035,0.8909762833947065,0.5461847389558233,-0.06727839195220275,distance_sma_60|distance_high_60|return_30m|momentum_30m|return_60m|momentum_60m|momentum_15m|return_15m|distance_sma_15|distance_low_60
30,2023,10,0.55,0.45,1,0.5134935355004101,249,-0.05312888784737002,0.8050341288846654,0.5301204819277109,-0.07913391703570483,distance_sma_60|distance_high_60|return_30m|momentum_30m|return_60m|momentum_60m|momentum_15m|return_15m|distance_sma_15|distance_low_60
30,2023,10,0.55,0.45,2,0.5134935355004101,249,-0.07642114381431098,0.7264922764400624,0.5100401606425703,-0.0975217748987981,distance_sma_60|distance_high_60|return_30m|momentum_30m|return_60m|momentum_60m|momentum_15m|return_15m|distance_sma_15|distance_low_60
30,2023,10,0.55,0.45,5,0.5134935355004101,249,-0.14292893540705143,0.5311792917098571,0.42570281124497994,-0.15585410363893992,distance_sma_60|distance_high_60|return_30m|momentum_30m|return_60m|momentum_60m|momentum_15m|return_15m|distance_sma_15|distance_low_60
30,2023,10,0.6,0.4,0,0.5134935355004101,10,0.012164837465495681,2.1878680066931677,0.7,-0.0030118322693186705,distance_sma_60|distance_high_60|return_30m|momentum_30m|return_60m|momentum_60m|momentum_15m|return_15m|distance_sma_15|distance_low_60
30,2023,10,0.6,0.4,1,0.5134935355004101,10,0.01115434340325927,2.059182901731123,0.7,-0.0031118322693184375,distance_sma_60|distance_high_60|return_30m|momentum_30m|return_60m|momentum_60m|momentum_15m|return_15m|distance_sma_15|distance_low_60
30,2023,10,0.6,0.4,2,0.5134935355004101,10,0.01014475737380649,1.9376204895208289,0.7,-0.0032118322693186485,distance_sma_60|distance_high_60|return_30m|momentum_30m|return_60m|momentum_60m|momentum_15m|return_15m|distance_sma_15|distance_low_60
30,2023,10,0.6,0.4,5,0.5134935355004101,10,0.007121440230986931,1.5968145762695172,0.6,-0.0035118322693185045,distance_sma_60|distance_high_60|return_30m|momentum_30m|return_60m|momentum_60m|momentum_15m|return_15m|distance_sma_15|distance_low_60
30,2024,3,0.5,0.5,0,0.5152358808161018,7171,-0.00129242704973076,1.001742945865913,0.520011156045182,-0.08662565214505458,distance_high_60|distance_sma_60|return_60m
30,2024,3,0.5,0.5,1,0.5152358808161018,7171,-0.5124829469128441,0.820781993871479,0.4831962069446381,-0.5163419303189578,distance_high_60|distance_sma_60|return_60m
30,2024,3,0.5,0.5,2,0.5152358808161018,7171,-0.7620366190371141,0.6718482975533099,0.44345279598382376,-0.7629900130807628,distance_high_60|distance_sma_60|return_60m
30,2024,3,0.5,0.5,5,0.5152358808161018,7171,-0.9723379649238659,0.36898617432745473,0.33175289359921906,-0.972355778809476,distance_high_60|distance_sma_60|return_60m
30,2024,3,0.55,0.45,0,0.5152358808161018,210,-0.04447525766594662,0.8338756395887122,0.5523809523809524,-0.05939486115357706,distance_high_60|distance_sma_60|return_60m
30,2024,3,0.55,0.45,1,0.5152358808161018,210,-0.0643373853709237,0.7637783827920078,0.5428571428571428,-0.07821113391595647,distance_high_60|distance_sma_60|return_60m
30,2024,3,0.55,0.45,2,0.5152358808161018,210,-0.08378857191862665,0.6986662255571717,0.5190476190476191,-0.09665282407483433,distance_high_60|distance_sma_60|return_60m
30,2024,3,0.55,0.45,5,0.5152358808161018,210,-0.13976024495077877,0.530913589917415,0.47619047619047616,-0.14980387631188385,distance_high_60|distance_sma_60|return_60m
30,2024,3,0.6,0.4,0,0.5152358808161018,21,0.002468996491741038,1.0806907398201027,0.47619047619047616,-0.010646504948963353,distance_high_60|distance_sma_60|return_60m
30,2024,3,0.6,0.4,1,0.5152358808161018,21,0.00036614570708848326,1.0157439923125977,0.47619047619047616,-0.010944342996725753,distance_high_60|distance_sma_60|return_60m
30,2024,3,0.6,0.4,2,0.5152358808161018,21,-0.0017325036225559476,0.9549029748073219,0.47619047619047616,-0.011242121263970284,distance_high_60|distance_sma_60|return_60m
30,2024,3,0.6,0.4,5,0.5152358808161018,21,-0.008003322564698712,0.79345823641953,0.47619047619047616,-0.01317605384510101,distance_high_60|distance_sma_60|return_60m
30,2024,5,0.5,0.5,0,0.515116675854151,7171,0.009850947701552037,1.0048247257521872,0.5183377492678846,-0.08657037720611072,distance_high_60|distance_sma_60|return_60m|momentum_60m|return_30m
30,2024,5,0.5,0.5,1,0.515116675854151,7171,-0.50704278434228,0.823377294122731,0.48180170129689026,-0.5125374962391409,distance_high_60|distance_sma_60|return_60m|momentum_60m|return_30m
30,2024,5,0.5,0.5,2,0.515116675854151,7171,-0.7593809382301839,0.6741698682374458,0.44122158694742714,-0.7603917617570871,distance_high_60|distance_sma_60|return_60m|momentum_60m|return_30m
30,2024,5,0.5,0.5,5,0.515116675854151,7171,-0.9720291623358185,0.3711610721033303,0.32910333286849813,-0.9720471750851044,distance_high_60|distance_sma_60|return_60m|momentum_60m|return_30m
30,2024,5,0.55,0.45,0,0.515116675854151,182,-0.03615223070625362,0.8478126627554208,0.5494505494505495,-0.05454591096835337,distance_high_60|distance_sma_60|return_60m|momentum_60m|return_30m
30,2024,5,0.55,0.45,1,0.515116675854151,182,-0.05354001939839492,0.7784898801384992,0.5494505494505495,-0.07086935083163515,distance_high_60|distance_sma_60|return_60m|momentum_60m|return_30m
30,2024,5,0.55,0.45,2,0.515116675854151,182,-0.0706158253702841,0.713832146183097,0.532967032967033,-0.0870865760234244,distance_high_60|distance_sma_60|return_60m|momentum_60m|return_30m
30,2024,5,0.55,0.45,5,0.515116675854151,182,-0.12002652882924691,0.5460820681539611,0.4835164835164835,-0.13409558643908748,distance_high_60|distance_sma_60|return_60m|momentum_60m|return_30m
30,2024,5,0.6,0.4,0,0.515116675854151,12,-0.004314492688131222,0.8399857516146529,0.4166666666666667,-0.011633408551847246,distance_high_60|distance_sma_60|return_60m|momentum_60m|return_30m
30,2024,5,0.6,0.4,1,0.515116675854151,12,-0.005509102346782813,0.7994580268050809,0.4166666666666667,-0.012227442717505865,distance_high_60|distance_sma_60|return_60m|momentum_60m|return_30m
30,2024,5,0.6,0.4,2,0.515116675854151,12,-0.006702398040394186,0.760990118037313,0.4166666666666667,-0.012821179329372767,distance_high_60|distance_sma_60|return_60m|momentum_60m|return_30m
30,2024,5,0.6,0.4,5,0.515116675854151,12,-0.010274414464955584,0.6564861785335352,0.4166666666666667,-0.014600605034527536,distance_high_60|distance_sma_60|return_60m|momentum_60m|return_30m
30,2024,10,0.5,0.5,0,0.5079323905087603,7171,-0.16832343013895645,0.9522425771306733,0.5077395063450006,-0.1700641237407814,distance_high_60|distance_sma_60|return_60m|momentum_60m|return_30m|momentum_30m|distance_sma_15|return_15m|momentum_15m|distance_high_240
30,2024,10,0.5,0.5,1,0.5079323905087603,7171,-0.5940262193500773,0.7801772035507073,0.4703667549853577,-0.5943025510684815,distance_high_60|distance_sma_60|return_60m|momentum_60m|return_30m|momentum_30m|distance_sma_15|return_15m|momentum_15m|distance_high_240
30,2024,10,0.5,0.5,2,0.5079323905087603,7171,-0.801842573078814,0.6389279803823052,0.4302049923302189,-0.8019576609424867,distance_high_60|distance_sma_60|return_60m|momentum_60m|return_30m|momentum_30m|distance_sma_15|return_15m|momentum_15m|distance_high_240
30,2024,10,0.5,0.5,5,0.5079323905087603,7171,-0.9769664706102046,0.35231562232441654,0.32003904615813694,-0.9769729441505085,distance_high_60|distance_sma_60|return_60m|momentum_60m|return_30m|momentum_30m|distance_sma_15|return_15m|momentum_15m|distance_high_240
30,2024,10,0.55,0.45,0,0.5079323905087603,77,-0.017731661442789926,0.8418930959780044,0.5324675324675324,-0.04381649107664265,distance_high_60|distance_sma_60|return_60m|momentum_60m|return_30m|momentum_30m|distance_sma_15|return_15m|momentum_15m|distance_high_240
30,2024,10,0.55,0.45,1,0.5079323905087603,77,-0.025268249757764538,0.7791650568927181,0.5324675324675324,-0.04701105408143569,distance_high_60|distance_sma_60|return_60m|momentum_60m|return_30m|momentum_30m|distance_sma_15|return_15m|momentum_15m|distance_high_240
30,2024,10,0.55,0.45,2,0.5079323905087603,77,-0.03274775786559636,0.7205499011854206,0.5064935064935064,-0.05072525134107675,distance_high_60|distance_sma_60|return_60m|momentum_60m|return_30m|momentum_30m|distance_sma_15|return_15m|momentum_15m|distance_high_240
30,2024,10,0.55,0.45,5,0.5079323905087603,77,-0.05484805188568964,0.5669487851097907,0.4675324675324675,-0.06895550080576718,distance_high_60|distance_sma_60|return_60m|momentum_60m|return_30m|momentum_30m|distance_sma_15|return_15m|momentum_15m|distance_high_240
30,2024,10,0.6,0.4,0,0.5079323905087603,5,0.003480037832200633,1.538061728844404,0.8,0.0,distance_high_60|distance_sma_60|return_60m|momentum_60m|return_30m|momentum_30m|distance_sma_15|return_15m|momentum_15m|distance_high_240
30,2024,10,0.6,0.4,1,0.5079323905087603,5,0.0029787415880353496,1.4547802514933377,0.8,0.0,distance_high_60|distance_sma_60|return_60m|momentum_60m|return_30m|momentum_30m|distance_sma_15|return_15m|momentum_15m|distance_high_240
30,2024,10,0.6,0.4,2,0.5079323905087603,5,0.0024776457040525113,1.3739664421765345,0.8,0.0,distance_high_60|distance_sma_60|return_60m|momentum_60m|return_30m|momentum_30m|distance_sma_15|return_15m|momentum_15m|distance_high_240
30,2024,10,0.6,0.4,5,0.5079323905087603,5,0.0009755596125939903,1.1452809229347998,0.8,0.0,distance_high_60|distance_sma_60|return_60m|momentum_60m|return_30m|momentum_30m|distance_sma_15|return_15m|momentum_15m|distance_high_240
30,2025,3,0.5,0.5,0,0.5210263174141169,7160,0.07598736176334797,1.0200739874970721,0.5173184357541899,-0.14656609411011945,distance_high_60|distance_sma_60|distance_sma_15
30,2025,3,0.5,0.5,1,0.5210263174141169,7160,-0.47417710095778276,0.860503756853875,0.4824022346368715,-0.49843492949571766,distance_high_60|distance_sma_60|distance_sma_15
30,2025,3,0.5,0.5,2,0.5210263174141169,7160,-0.7430546757748636,0.7258094027498476,0.44231843575418994,-0.7498330417793115,distance_high_60|distance_sma_60|distance_sma_15
30,2025,3,0.5,0.5,5,0.5210263174141169,7160,-0.9700320027289349,0.43789191569479796,0.3463687150837989,-0.9703773930699213,distance_high_60|distance_sma_60|distance_sma_15
30,2025,3,0.55,0.45,0,0.5210263174141169,467,0.007714592034746337,1.0179307930267583,0.5460385438972163,-0.06486295209030768,distance_high_60|distance_sma_60|distance_sma_15
30,2025,3,0.55,0.45,1,0.5210263174141169,467,-0.03826547168724126,0.937639218259618,0.5310492505353319,-0.08691211780137398,distance_high_60|distance_sma_60|distance_sma_15
30,2025,3,0.55,0.45,2,0.5210263174141169,467,-0.08215184138543274,0.8631800520999785,0.5160599571734475,-0.11897615183387056,distance_high_60|distance_sma_60|distance_sma_15
30,2025,3,0.55,0.45,5,0.5210263174141169,467,-0.20217881655533942,0.6716009497079255,0.4732334047109208,-0.2180640487894273,distance_high_60|distance_sma_60|distance_sma_15
30,2025,3,0.6,0.4,0,0.5210263174141169,63,-0.03024497245661706,0.7068295201109415,0.5238095238095238,-0.05126629894470858,distance_high_60|distance_sma_60|distance_sma_15
30,2025,3,0.6,0.4,1,0.5210263174141169,63,-0.03633852778003743,0.655865350356618,0.5238095238095238,-0.053924171572220736,distance_high_60|distance_sma_60|distance_sma_15
30,2025,3,0.6,0.4,2,0.5210263174141169,63,-0.042394397639239356,0.6079858384351021,0.5079365079365079,-0.05657486339709572,distance_high_60|distance_sma_60|distance_sma_15
30,2025,3,0.6,0.4,5,0.5210263174141169,63,-0.060338180862477886,0.48047945963441013,0.47619047619047616,-0.06813000360976118,distance_high_60|distance_sma_60|distance_sma_15
30,2025,5,0.5,0.5,0,0.5081735325893595,7160,0.0398092924137996,1.0118308412488155,0.5096368715083799,-0.12602362042754967,distance_high_60|distance_sma_60|distance_sma_15|return_30m|momentum_30m
30,2025,5,0.5,0.5,1,0.5081735325893595,7160,-0.4918586538313562,0.8536894998319242,0.4748603351955307,-0.5097740827574107,distance_high_60|distance_sma_60|distance_sma_15|return_30m|momentum_30m
30,2025,5,0.5,0.5,2,0.5081735325893595,7160,-0.7516956821215277,0.7204279547391008,0.43575418994413406,-0.7580062004943127,distance_high_60|distance_sma_60|distance_sma_15|return_30m|momentum_30m
30,2025,5,0.5,0.5,5,0.5081735325893595,7160,-0.9710401162502806,0.4358860340530842,0.3431564245810056,-0.9714315326293236,distance_high_60|distance_sma_60|distance_sma_15|return_30m|momentum_30m
30,2025,5,0.55,0.45,0,0.5081735325893595,157,0.023247216665085224,1.1178175549025868,0.5987261146496815,-0.034146752929356095,distance_high_60|distance_sma_60|distance_sma_15|return_30m|momentum_30m
30,2025,5,0.55,0.45,1,0.5081735325893595,157,0.007309113925916932,1.0393473502244592,0.5732484076433121,-0.03511553599394812,distance_high_60|distance_sma_60|distance_sma_15|return_30m|momentum_30m
30,2025,5,0.55,0.45,2,0.5081735325893595,157,-0.008382293596592816,0.9656482451258545,0.5668789808917197,-0.042980921106207215,distance_high_60|distance_sma_60|distance_sma_15|return_30m|momentum_30m
30,2025,5,0.55,0.45,5,0.5081735325893595,157,-0.05401399909818172,0.7709594460190555,0.5286624203821656,-0.07626731062403391,distance_high_60|distance_sma_60|distance_sma_15|return_30m|momentum_30m
30,2025,5,0.6,0.4,0,0.5081735325893595,6,0.0016085440019557584,1.4474359441018148,0.6666666666666666,-0.003527345053660702,distance_high_60|distance_sma_60|distance_sma_15|return_30m|momentum_30m
30,2025,5,0.6,0.4,1,0.5081735325893595,6,0.0010078888042035494,1.2668862318671417,0.6666666666666666,-0.003627345053660802,distance_high_60|distance_sma_60|distance_sma_15|return_30m|momentum_30m
30,2025,5,0.6,0.4,2,0.5081735325893595,6,0.00040753380893754354,1.1022591016189778,0.5,-0.003727345053660791,distance_high_60|distance_sma_60|distance_sma_15|return_30m|momentum_30m
30,2025,5,0.6,0.4,5,0.5081735325893595,6,-0.001391731162193044,0.7237996584909618,0.5,-0.004608664776007854,distance_high_60|distance_sma_60|distance_sma_15|return_30m|momentum_30m
30,2025,10,0.5,0.5,0,0.509875915211083,7160,0.3049711961035646,1.0678660860232079,0.5160614525139665,-0.12938890884770438,distance_high_60|distance_sma_60|distance_sma_15|return_30m|momentum_30m|return_60m|return_15m|momentum_15m|momentum_60m|distance_high_240
30,2025,10,0.5,0.5,1,0.509875915211083,7160,-0.3622629755414368,0.9009868702835601,0.48268156424581005,-0.4094970090945147,distance_high_60|distance_sma_60|distance_sma_15|return_30m|momentum_30m|return_60m|return_15m|momentum_15m|momentum_60m|distance_high_240
30,2025,10,0.5,0.5,2,0.509875915211083,7160,-0.6883614056295984,0.7603661563922945,0.44315642458100557,-0.6997813714471028,distance_high_60|distance_sma_60|distance_sma_15|return_30m|momentum_30m|return_60m|return_15m|momentum_15m|momentum_60m|distance_high_240
30,2025,10,0.5,0.5,5,0.509875915211083,7160,-0.9636509224305119,0.4604529600962754,0.34720670391061453,-0.9640989717260624,distance_high_60|distance_sma_60|distance_sma_15|return_30m|momentum_30m|return_60m|return_15m|momentum_15m|momentum_60m|distance_high_240
30,2025,10,0.55,0.45,0,0.509875915211083,83,-0.009060313365971129,0.9305717749125828,0.5301204819277109,-0.05859795408360324,distance_high_60|distance_sma_60|distance_sma_15|return_30m|momentum_30m|return_60m|return_15m|momentum_15m|momentum_60m|distance_high_240
30,2025,10,0.55,0.45,1,0.509875915211083,83,-0.01725243465820947,0.8672820021404658,0.4939759036144578,-0.06367377228530546,distance_high_60|distance_sma_60|distance_sma_15|return_30m|momentum_30m|return_60m|return_15m|momentum_15m|momentum_60m|distance_high_240
30,2025,10,0.55,0.45,2,0.509875915211083,83,-0.02537764079365501,0.8082357839548704,0.4819277108433735,-0.06872272700196702,distance_high_60|distance_sma_60|distance_sma_15|return_30m|momentum_30m|return_60m|return_15m|momentum_15m|momentum_60m|distance_high_240
30,2025,10,0.55,0.45,5,0.509875915211083,83,-0.04935714644126521,0.6530484593767862,0.4578313253012048,-0.0837098017410347,distance_high_60|distance_sma_60|distance_sma_15|return_30m|momentum_30m|return_60m|return_15m|momentum_15m|momentum_60m|distance_high_240
30,2025,10,0.6,0.4,0,0.509875915211083,0,0.0,,,0.0,distance_high_60|distance_sma_60|distance_sma_15|return_30m|momentum_30m|return_60m|return_15m|momentum_15m|momentum_60m|distance_high_240
30,2025,10,0.6,0.4,1,0.509875915211083,0,0.0,,,0.0,distance_high_60|distance_sma_60|distance_sma_15|return_30m|momentum_30m|return_60m|return_15m|momentum_15m|momentum_60m|distance_high_240
30,2025,10,0.6,0.4,2,0.509875915211083,0,0.0,,,0.0,distance_high_60|distance_sma_60|distance_sma_15|return_30m|momentum_30m|return_60m|return_15m|momentum_15m|momentum_60m|distance_high_240
30,2025,10,0.6,0.4,5,0.509875915211083,0,0.0,,,0.0,distance_high_60|distance_sma_60|distance_sma_15|return_30m|momentum_30m|return_60m|return_15m|momentum_15m|momentum_60m|distance_high_240
60,2022,3,0.5,0.5,0,0.5135920627750777,3602,0.015322610529686864,1.0088786375598044,0.4983342587451416,-0.11962330491786588,distance_high_60|distance_sma_60|momentum_30m
60,2022,3,0.5,0.5,1,0.5135920627750777,3602,-0.29178746463866967,0.8870939274497078,0.47556912826207665,-0.3223568512385888,distance_high_60|distance_sma_60|momentum_30m
60,2022,3,0.5,0.5,2,0.5135920627750777,3602,-0.5060221053454881,0.7801439676787845,0.448917268184342,-0.5126908004009036,distance_high_60|distance_sma_60|momentum_30m
60,2022,3,0.5,0.5,5,0.5135920627750777,3602,-0.8324110728378044,0.5321558379481512,0.38284286507495835,-0.8337592583748247,distance_high_60|distance_sma_60|momentum_30m
60,2022,3,0.55,0.45,0,0.5135920627750777,363,0.061948270019099194,1.1358297434110556,0.5537190082644629,-0.041684294580876746,distance_high_60|distance_sma_60|momentum_30m
60,2022,3,0.55,0.45,1,0.5135920627750777,363,0.024094843259983456,1.05529640433127,0.5426997245179064,-0.05176514317149494,distance_high_60|distance_sma_60|momentum_30m
60,2022,3,0.55,0.45,2,0.5135920627750777,363,-0.012412872679651965,0.980127290716029,0.5234159779614325,-0.06504716208631267,distance_high_60|distance_sma_60|momentum_30m
60,2022,3,0.55,0.45,5,0.5135920627750777,363,-0.11433051234896607,0.7837942879478299,0.4820936639118457,-0.11631215904102155,distance_high_60|distance_sma_60|momentum_30m
60,2022,3,0.6,0.4,0,0.5135920627750777,38,-0.041842217857696706,0.6460913845752616,0.5,-0.054510781466207914,distance_high_60|distance_sma_60|momentum_30m
60,2022,3,0.6,0.4,1,0.5135920627750777,38,-0.04548064024056708,0.6201579843541613,0.5,-0.05781972122207757,distance_high_60|distance_sma_60|momentum_30m
60,2022,3,0.6,0.4,2,0.5135920627750777,38,-0.0491056086581696,0.5953279340443068,0.47368421052631576,-0.06111741039611884,distance_high_60|distance_sma_60|momentum_30m
60,2022,3,0.6,0.4,5,0.5135920627750777,38,-0.059900273368849954,0.5266100945390509,0.4473684210526316,-0.07094334514551659,distance_high_60|distance_sma_60|momentum_30m
60,2022,5,0.5,0.5,0,0.513542196483882,3602,-0.009081188760317493,1.0001461697393508,0.49361465852304276,-0.11986422911394368,distance_high_60|distance_sma_60|momentum_30m|return_30m|momentum_60m
60,2022,5,0.5,0.5,1,0.513542196483882,3602,-0.3088113976168291,0.8794672222616049,0.4711271515824542,-0.3320823244984138,distance_high_60|distance_sma_60|momentum_30m|return_30m|momentum_60m
60,2022,5,0.5,0.5,2,0.513542196483882,3602,-0.5178974634565727,0.773550992592752,0.4450305385896724,-0.5244058413342894,distance_high_60|distance_sma_60|momentum_30m|return_30m|momentum_60m
60,2022,5,0.5,0.5,5,0.513542196483882,3602,-0.8364411491781926,0.5281594725457435,0.3789561354802887,-0.8377569143714158,distance_high_60|distance_sma_60|momentum_30m|return_30m|momentum_60m
60,2022,5,0.55,0.45,0,0.513542196483882,367,0.048387311449381354,1.1067460406633618,0.5449591280653951,-0.04482745492899409,distance_high_60|distance_sma_60|momentum_30m|return_30m|momentum_60m
60,2022,5,0.55,0.45,1,0.513542196483882,367,0.010611628447735777,1.0271833108143003,0.5395095367847411,-0.049200926275916324,distance_high_60|distance_sma_60|momentum_30m|return_30m|momentum_60m
60,2022,5,0.55,0.45,2,0.513542196483882,367,-0.025806489439918145,0.9530142855141543,0.5204359673024523,-0.056921776574950456,distance_high_60|distance_sma_60|momentum_30m|return_30m|momentum_60m
60,2022,5,0.55,0.45,5,0.513542196483882,367,-0.12739340748682548,0.7595700995621283,0.47956403269754766,-0.12691559019480425,distance_high_60|distance_sma_60|momentum_30m|return_30m|momentum_60m
60,2022,5,0.6,0.4,0,0.513542196483882,41,-0.029164314123601875,0.758063234994335,0.5365853658536586,-0.04200050234767372,distance_high_60|distance_sma_60|momentum_30m|return_30m|momentum_60m
60,2022,5,0.6,0.4,1,0.513542196483882,41,-0.03313972848785396,0.7279714316603088,0.5365853658536586,-0.04563834055476923,distance_high_60|distance_sma_60|momentum_30m|return_30m|momentum_60m
60,2022,5,0.6,0.4,2,0.513542196483882,41,-0.03709925964539573,0.6990318646565787,0.5121951219512195,-0.049262726894521824,distance_high_60|distance_sma_60|momentum_30m|return_30m|momentum_60m
60,2022,5,0.6,0.4,5,0.513542196483882,41,-0.048883171491615585,0.6185056938690998,0.4878048780487805,-0.060055657886066593,distance_high_60|distance_sma_60|momentum_30m|return_30m|momentum_60m
60,2022,10,0.5,0.5,0,0.5139814433228428,3602,0.03406425408907521,1.0154940013171452,0.5002776235424764,-0.10133510553711367,distance_high_60|distance_sma_60|momentum_30m|return_30m|momentum_60m|return_60m|momentum_15m|return_15m|sma_15_slope|distance_sma_240
60,2022,10,0.5,0.5,1,0.5139814433228428,3602,-0.27871338707608606,0.8928948018980747,0.47806774014436426,-0.29850118856614505,distance_high_60|distance_sma_60|momentum_30m|return_30m|momentum_60m|return_60m|momentum_15m|return_15m|sma_15_slope|distance_sma_240
60,2022,10,0.5,0.5,2,0.5139814433228428,3602,-0.4969020221881367,0.7851955025175684,0.45113825652415324,-0.5049837484886497,distance_high_60|distance_sma_60|momentum_30m|return_30m|momentum_60m|return_60m|momentum_15m|return_15m|sma_15_slope|distance_sma_240
60,2022,10,0.5,0.5,5,0.5139814433228428,3602,-0.829316019496054,0.5354942447810774,0.38423098278734036,-0.8311998708424814,distance_high_60|distance_sma_60|momentum_30m|return_30m|momentum_60m|return_60m|momentum_15m|return_15m|sma_15_slope|distance_sma_240
60,2022,10,0.55,0.45,0,0.5139814433228428,495,0.060891438712285195,1.1098941240068707,0.5575757575757576,-0.06901035246977338,distance_high_60|distance_sma_60|momentum_30m|return_30m|momentum_60m|return_60m|momentum_15m|return_15m|sma_15_slope|distance_sma_240
60,2022,10,0.55,0.45,1,0.5139814433228428,495,0.009659009444006328,1.0216258555576903,0.5494949494949495,-0.07467909050029542,distance_high_60|distance_sma_60|momentum_30m|return_30m|momentum_60m|return_60m|momentum_15m|return_15m|sma_15_slope|distance_sma_240
60,2022,10,0.55,0.45,2,0.5139814433228428,495,-0.03910406649686338,0.9398613911716652,0.5171717171717172,-0.08031387440913629,distance_high_60|distance_sma_60|momentum_30m|return_30m|momentum_60m|return_60m|momentum_15m|return_15m|sma_15_slope|distance_sma_240
60,2022,10,0.55,0.45,5,0.5139814433228428,495,-0.17173684124205613,0.7302078152774695,0.4585858585858586,-0.18380541678048845,distance_high_60|distance_sma_60|momentum_30m|return_30m|momentum_60m|return_60m|momentum_15m|return_15m|sma_15_slope|distance_sma_240
60,2022,10,0.6,0.4,0,0.5139814433228428,71,0.03694429113583331,1.2648432063464674,0.5352112676056338,-0.03955121559724273,distance_high_60|distance_sma_60|momentum_30m|return_30m|momentum_60m|return_60m|momentum_15m|return_15m|sma_15_slope|distance_sma_240
60,2022,10,0.6,0.4,1,0.5139814433228428,71,0.029611301960482006,1.209859012271886,0.5352112676056338,-0.04185754196174041,distance_high_60|distance_sma_60|momentum_30m|return_30m|momentum_60m|return_60m|momentum_15m|return_15m|sma_15_slope|distance_sma_240
60,2022,10,0.6,0.4,2,0.5139814433228428,71,0.022329444389793895,1.1573214734338764,0.5352112676056338,-0.04415856037510035,distance_high_60|distance_sma_60|momentum_30m|return_30m|momentum_60m|return_60m|momentum_15m|return_15m|sma_15_slope|distance_sma_240
60,2022,10,0.6,0.4,5,0.5139814433228428,71,0.0007871584662091369,1.012825325973698,0.5070422535211268,-0.051029884646952905,distance_high_60|distance_sma_60|momentum_30m|return_30m|momentum_60m|return_60m|momentum_15m|return_15m|sma_15_slope|distance_sma_240
60,2023,3,0.5,0.5,0,0.5209146185834452,3579,0.05600504799269568,1.026497183803426,0.5054484492875104,-0.11084993852186342,distance_sma_60|distance_high_60|momentum_30m
60,2023,3,0.5,0.5,1,0.5209146185834452,3579,-0.2617111635029665,0.8809967743365266,0.47247834590667787,-0.3042839518759203,distance_sma_60|distance_high_60|momentum_30m
60,2023,3,0.5,0.5,2,0.5209146185834452,3579,-0.4838557865260449,0.7564817181924348,0.4392288348700754,-0.4858639241541931,distance_sma_60|distance_high_60|momentum_30m
60,2023,3,0.5,0.5,5,0.5209146185834452,3579,-0.8236757527833645,0.482426346546856,0.35093601564682875,-0.8238599846698398,distance_sma_60|distance_high_60|momentum_30m
60,2023,3,0.55,0.45,0,0.5209146185834452,171,-0.03498381623748548,0.853162566541786,0.5497076023391813,-0.06066387061722356,distance_sma_60|distance_high_60|momentum_30m
60,2023,3,0.55,0.45,1,0.5209146185834452,171,-0.05134959211238932,0.7875840968482111,0.5321637426900585,-0.06973771188267419,distance_sma_60|distance_high_60|momentum_30m
60,2023,3,0.55,0.45,2,0.5209146185834452,171,-0.06743941537016496,0.7266884929413892,0.5029239766081871,-0.08254723664536101,distance_sma_60|distance_high_60|momentum_30m
60,2023,3,0.55,0.45,5,0.5209146185834452,171,-0.11409904603518473,0.569242307643576,0.4444444444444444,-0.12347247116057591,distance_sma_60|distance_high_60|momentum_30m
60,2023,3,0.6,0.4,0,0.5209146185834452,12,0.0012010100260297918,1.0681991265704023,0.5833333333333334,-0.007224149646943623,distance_sma_60|distance_high_60|momentum_30m
60,2023,3,0.6,0.4,1,0.5209146185834452,12,3.4052058839328936e-07,1.0046008055128233,0.5833333333333334,-0.007324149646943612,distance_sma_60|distance_high_60|momentum_30m
60,2023,3,0.6,0.4,2,0.5209146185834452,12,-0.0011990089665774306,0.9441976424605834,0.5833333333333334,-0.007424149646943601,distance_sma_60|distance_high_60|momentum_30m
60,2023,3,0.6,0.4,5,0.5209146185834452,12,-0.004789150506794293,0.7826050754598567,0.5,-0.007724149646943568,distance_sma_60|distance_high_60|momentum_30m
60,2023,5,0.5,0.5,0,0.5207248058687657,3579,-0.008407530276874131,0.9992662842422952,0.5037720033528919,-0.16887171744072094,distance_sma_60|distance_high_60|momentum_30m|return_30m|return_60m
60,2023,5,0.5,0.5,1,0.5207248058687657,3579,-0.30674853851537565,0.8575811855641158,0.471081307627829,-0.3496875197015681,distance_sma_60|distance_high_60|momentum_30m|return_30m|return_60m
60,2023,5,0.5,0.5,2,0.5207248058687657,3579,-0.5153448623367538,0.7362622053582697,0.43755238893545684,-0.5186301454950835,distance_sma_60|distance_high_60|momentum_30m|return_30m|return_60m
60,2023,5,0.5,0.5,5,0.5207248058687657,3579,-0.8344361217864257,0.46898637423142614,0.3500977926795194,-0.8346091107320581,distance_sma_60|distance_high_60|momentum_30m|return_30m|return_60m
60,2023,5,0.55,0.45,0,0.5207248058687657,175,-0.0478883492492842,0.7997028892326737,0.5428571428571428,-0.06345751826456025,distance_sma_60|distance_high_60|momentum_30m|return_30m|return_60m
60,2023,5,0.55,0.45,1,0.5207248058687657,175,-0.06441086103208815,0.7357389922257792,0.5257142857142857,-0.07786884656077253,distance_sma_60|distance_high_60|momentum_30m|return_30m|return_60m
60,2023,5,0.55,0.45,2,0.5207248058687657,175,-0.08064825880137794,0.6764759547431328,0.49714285714285716,-0.09205982503416721,distance_sma_60|distance_high_60|momentum_30m|return_30m|return_60m
60,2023,5,0.55,0.45,5,0.5207248058687657,175,-0.1276982737560075,0.524193701369813,0.42857142857142855,-0.13334388575373335,distance_sma_60|distance_high_60|momentum_30m|return_30m|return_60m
60,2023,5,0.6,0.4,0,0.5207248058687657,12,-0.003500921256088252,0.8186092333284591,0.5833333333333334,-0.007224149646943623,distance_sma_60|distance_high_60|momentum_30m|return_30m|return_60m
60,2023,5,0.6,0.4,1,0.5207248058687657,12,-0.0046964195432364075,0.7614421187291632,0.5833333333333334,-0.007324149646943612,distance_sma_60|distance_high_60|momentum_30m|return_30m|return_60m
60,2023,5,0.6,0.4,2,0.5207248058687657,12,-0.0058906029829312034,0.7071470605114925,0.5833333333333334,-0.007424149646943601,distance_sma_60|distance_high_60|momentum_30m|return_30m|return_60m
60,2023,5,0.6,0.4,5,0.5207248058687657,12,-0.009465277359146818,0.5648560861381821,0.5,-0.00871723673720659,distance_sma_60|distance_high_60|momentum_30m|return_30m|return_60m
60,2023,10,0.5,0.5,0,0.5200644946288916,3579,-0.033759833260447736,0.9882710528823825,0.5001397038278849,-0.14608669262772844,distance_sma_60|distance_high_60|momentum_30m|return_30m|return_60m|momentum_60m|momentum_15m|return_15m|distance_sma_15|sma_15_slope
60,2023,10,0.5,0.5,1,0.5200644946288916,3579,-0.324474829001863,0.8481802072448034,0.46716960044705225,-0.34752016452846246,distance_sma_60|distance_high_60|momentum_30m|return_30m|return_60m|momentum_60m|momentum_15m|return_15m|distance_sma_15|sma_15_slope
60,2023,10,0.5,0.5,2,0.5200644946288916,3579,-0.5277386132913633,0.7283099386938507,0.4333612740989103,-0.5288328240425302,distance_sma_60|distance_high_60|momentum_30m|return_30m|return_60m|momentum_60m|momentum_15m|return_15m|distance_sma_15|sma_15_slope
60,2023,10,0.5,0.5,5,0.5200644946288916,3579,-0.8386712268457353,0.4644547044870579,0.3467449008102822,-0.8388397907539336,distance_sma_60|distance_high_60|momentum_30m|return_30m|return_60m|momentum_60m|momentum_15m|return_15m|distance_sma_15|sma_15_slope
60,2023,10,0.55,0.45,0,0.5200644946288916,240,-0.05900177941588125,0.8223083230395973,0.48333333333333334,-0.11130872924984414,distance_sma_60|distance_high_60|momentum_30m|return_30m|return_60m|momentum_60m|momentum_15m|return_15m|distance_sma_15|sma_15_slope
60,2023,10,0.55,0.45,1,0.5200644946288916,240,-0.08132370317583537,0.7595098190299768,0.4708333333333333,-0.12794871588424017,distance_sma_60|distance_high_60|momentum_30m|return_30m|return_60m|momentum_60m|momentum_15m|return_15m|distance_sma_15|sma_15_slope
60,2023,10,0.55,0.45,2,0.5200644946288916,240,-0.10311827069452195,0.7014878097563353,0.45,-0.14599813455236754,distance_sma_60|distance_high_60|momentum_30m|return_30m|return_60m|momentum_60m|momentum_15m|return_15m|distance_sma_15|sma_15_slope
60,2023,10,0.55,0.45,5,0.5200644946288916,240,-0.16546046797209923,0.5523777235278553,0.3958333333333333,-0.19794574998976633,distance_sma_60|distance_high_60|momentum_30m|return_30m|return_60m|momentum_60m|momentum_15m|return_15m|distance_sma_15|sma_15_slope
60,2023,10,0.6,0.4,0,0.5200644946288916,23,-0.007304348499976299,0.850683277474903,0.6086956521739131,-0.01915168469751749,distance_sma_60|distance_high_60|momentum_30m|return_30m|return_60m|momentum_60m|momentum_15m|return_15m|distance_sma_15|sma_15_slope
60,2023,10,0.6,0.4,1,0.5200644946288916,23,-0.00958578936976251,0.8058917473712292,0.6086956521739131,-0.019839976250562108,distance_sma_60|distance_high_60|momentum_30m|return_30m|return_60m|momentum_60m|momentum_15m|return_15m|distance_sma_15|sma_15_slope
60,2023,10,0.6,0.4,2,0.5200644946288916,23,-0.01186221444031954,0.76273730932419,0.6086956521739131,-0.020527853767106308,distance_sma_60|distance_high_60|momentum_30m|return_30m|return_60m|momentum_60m|momentum_15m|return_15m|distance_sma_15|sma_15_slope
60,2023,10,0.6,0.4,5,0.5200644946288916,23,-0.018661500022892574,0.6422456805276765,0.6086956521739131,-0.02258900417302334,distance_sma_60|distance_high_60|momentum_30m|return_30m|return_60m|momentum_60m|momentum_15m|return_15m|distance_sma_15|sma_15_slope
60,2024,3,0.5,0.5,0,0.5130758814278982,3591,-0.03522830285168532,0.9889867170482095,0.5115566694514063,-0.14253541894138355,distance_high_60|distance_sma_60|momentum_30m
60,2024,3,0.5,0.5,1,0.5130758814278982,3591,-0.32631059438515675,0.8588043645775562,0.4809245335561125,-0.33682144362261146,distance_high_60|distance_sma_60|momentum_30m
60,2024,3,0.5,0.5,2,0.5130758814278982,3591,-0.5295870358475738,0.7457037477866971,0.4480646059593428,-0.5323876077380599,distance_high_60|distance_sma_60|momentum_30m
60,2024,3,0.5,0.5,5,0.5130758814278982,3591,-0.8398804543455398,0.49003320637860126,0.36285157337788915,-0.8400410016101217,distance_high_60|distance_sma_60|momentum_30m
60,2024,3,0.55,0.45,0,0.5130758814278982,197,-0.008661748593169594,0.9741777212889322,0.5583756345177665,-0.07489600947898922,distance_high_60|distance_sma_60|momentum_30m
60,2024,3,0.55,0.45,1,0.5130758814278982,197,-0.02800194899671704,0.906932903338739,0.5532994923857868,-0.08227489273038613,distance_high_60|distance_sma_60|momentum_30m
60,2024,3,0.55,0.45,2,0.5130758814278982,197,-0.04696671594518209,0.8437693835474843,0.5329949238578681,-0.08959564989706359,distance_high_60|distance_sma_60|momentum_30m
60,2024,3,0.55,0.45,5,0.5130758814278982,197,-0.10168023672225857,0.6777335197826638,0.47715736040609136,-0.11121366884349759,distance_high_60|distance_sma_60|momentum_30m
60,2024,3,0.6,0.4,0,0.5130758814278982,20,-0.0291907792756122,0.5542683915350947,0.35,-0.032293698371430146,distance_high_60|distance_sma_60|momentum_30m
60,2024,3,0.6,0.4,1,0.5130758814278982,20,-0.03113345716488647,0.5330717869470292,0.35,-0.03316747504707074,distance_high_60|distance_sma_60|momentum_30m
60,2024,3,0.6,0.4,2,0.5130758814278982,20,-0.0330724415885294,0.5126818711882775,0.35,-0.03404055035265874,distance_high_60|distance_sma_60|momentum_30m
60,2024,3,0.6,0.4,5,0.5130758814278982,20,-0.038867300540846195,0.4559166179900355,0.35,-0.036933209992595195,distance_high_60|distance_sma_60|momentum_30m
60,2024,5,0.5,0.5,0,0.5119555750017704,3591,0.07447058972394616,1.031682036208586,0.5162907268170426,-0.10309991667117357,distance_high_60|distance_sma_60|momentum_30m|return_30m|momentum_60m
60,2024,5,0.5,0.5,1,0.5119555750017704,3591,-0.24970099008698565,0.895964072275872,0.4856585909217488,-0.2620948227138896,distance_high_60|distance_sma_60|momentum_30m|return_30m|momentum_60m
60,2024,5,0.5,0.5,2,0.5119555750017704,3591,-0.4760876741236696,0.778060925707526,0.45391255917571705,-0.4803607083798773,distance_high_60|distance_sma_60|momentum_30m|return_30m|momentum_60m
60,2024,5,0.5,0.5,5,0.5119555750017704,3591,-0.8216645327389839,0.5115121905334286,0.3684210526315789,-0.8220006912912378,distance_high_60|distance_sma_60|momentum_30m|return_30m|momentum_60m
60,2024,5,0.55,0.45,0,0.5119555750017704,136,-0.06573820751328974,0.7260682744133389,0.5147058823529411,-0.09206453508379342,distance_high_60|distance_sma_60|momentum_30m|return_30m|momentum_60m
60,2024,5,0.55,0.45,1,0.5119555750017704,136,-0.07836515759359985,0.6792488774072947,0.49264705882352944,-0.09687287583981263,distance_high_60|distance_sma_60|momentum_30m|return_30m|momentum_60m
60,2024,5,0.55,0.45,2,0.5119555750017704,136,-0.09082268701882334,0.6353359412860529,0.47058823529411764,-0.1016562300488878,distance_high_60|distance_sma_60|momentum_30m|return_30m|momentum_60m
60,2024,5,0.55,0.45,5,0.5119555750017704,136,-0.1272011682632509,0.5183196411494624,0.45588235294117646,-0.1357335766535125,distance_high_60|distance_sma_60|momentum_30m|return_30m|momentum_60m
60,2024,5,0.6,0.4,0,0.5119555750017704,15,-0.029796950821126544,0.43689195829418775,0.4,-0.030269012244920845,distance_high_60|distance_sma_60|momentum_30m|return_30m|momentum_60m
60,2024,5,0.6,0.4,1,0.5119555750017704,15,-0.031254192376866885,0.41855751961682247,0.4,-0.031628754758558864,distance_high_60|distance_sma_60|momentum_30m|return_30m|momentum_60m
60,2024,5,0.6,0.4,2,0.5119555750017704,15,-0.03270939087874758,0.4008223388411397,0.4,-0.03298672667464064,distance_high_60|distance_sma_60|momentum_30m|return_30m|momentum_60m
60,2024,5,0.6,0.4,5,0.5119555750017704,15,-0.03706275464551889,0.3510805866875987,0.3333333333333333,-0.03705004011032442,distance_high_60|distance_sma_60|momentum_30m|return_30m|momentum_60m
60,2024,10,0.5,0.5,0,0.5149874578724078,3591,0.02895750746281056,1.0143044824222982,0.5148983570036202,-0.12459493840322677,distance_high_60|distance_sma_60|momentum_30m|return_30m|momentum_60m|return_60m|momentum_15m|return_15m|distance_high_240|sma_15_slope
60,2024,10,0.5,0.5,1,0.5149874578724078,3591,-0.2814857244939377,0.8808335369221153,0.4853801169590643,-0.2871880727487508,distance_high_60|distance_sma_60|momentum_30m|return_30m|momentum_60m|return_60m|momentum_15m|return_15m|distance_high_240|sma_15_slope
60,2024,10,0.5,0.5,2,0.5149874578724078,3591,-0.49828421666851686,0.7648267608462475,0.45335561125034807,-0.4984188436984617,distance_high_60|distance_sma_60|momentum_30m|return_30m|momentum_60m|return_60m|momentum_15m|return_15m|distance_high_240|sma_15_slope
60,2024,10,0.5,0.5,5,0.5149874578724078,3591,-0.8292222731501223,0.5025672004537332,0.36563631300473404,-0.8291228277318774,distance_high_60|distance_sma_60|momentum_30m|return_30m|momentum_60m|return_60m|momentum_15m|return_15m|distance_high_240|sma_15_slope
60,2024,10,0.55,0.45,0,0.5149874578724078,216,-0.025940939442102295,0.9203600284898155,0.5601851851851852,-0.08775924339196617,distance_high_60|distance_sma_60|momentum_30m|return_30m|momentum_60m|return_60m|momentum_15m|return_15m|distance_high_240|sma_15_slope
60,2024,10,0.55,0.45,1,0.5149874578724078,216,-0.04675868867533062,0.8555173038097377,0.5509259259259259,-0.0959413489546368,distance_high_60|distance_sma_60|momentum_30m|return_30m|momentum_60m|return_60m|momentum_15m|return_15m|distance_high_240|sma_15_slope
60,2024,10,0.55,0.45,2,0.5149874578724078,216,-0.06713353351597984,0.7946304439595335,0.5277777777777778,-0.10417625745915537,distance_high_60|distance_sma_60|momentum_30m|return_30m|momentum_60m|return_60m|momentum_15m|return_15m|distance_high_240|sma_15_slope
60,2024,10,0.55,0.45,5,0.5149874578724078,216,-0.12569345746979277,0.635079775543385,0.4675925925925926,-0.14059312450585992,distance_high_60|distance_sma_60|momentum_30m|return_30m|momentum_60m|return_60m|momentum_15m|return_15m|distance_high_240|sma_15_slope
60,2024,10,0.6,0.4,0,0.5149874578724078,26,-0.04691736859407647,0.4576566425612608,0.38461538461538464,-0.04351200129319521,distance_high_60|distance_sma_60|momentum_30m|return_30m|momentum_60m|return_60m|momentum_15m|return_15m|distance_high_240|sma_15_slope
60,2024,10,0.6,0.4,1,0.5149874578724078,26,-0.04939689611072651,0.43828993607857136,0.38461538461538464,-0.04590463773481446,distance_high_60|distance_sma_60|momentum_30m|return_30m|momentum_60m|return_60m|momentum_15m|return_15m|distance_high_240|sma_15_slope
60,2024,10,0.6,0.4,2,0.5149874578724078,26,-0.051870220410746404,0.4196039217433068,0.38461538461538464,-0.04829152787939284,distance_high_60|distance_sma_60|momentum_30m|return_30m|momentum_60m|return_60m|momentum_15m|return_15m|distance_high_240|sma_15_slope
60,2024,10,0.6,0.4,5,0.5149874578724078,26,-0.05925312283716522,0.36728913432839766,0.38461538461538464,-0.05541785265459065,distance_high_60|distance_sma_60|momentum_30m|return_30m|momentum_60m|return_60m|momentum_15m|return_15m|distance_high_240|sma_15_slope
60,2025,3,0.5,0.5,0,0.5248603609617255,3589,0.3168729566886954,1.0987298900948976,0.5241014210086375,-0.12118497884562407,distance_high_60|distance_sma_60|return_30m
60,2025,3,0.5,0.5,1,0.5248603609617255,3589,-0.08022992646336446,0.976363469871836,0.4965171356923934,-0.22312432706367746,distance_high_60|distance_sma_60|return_30m
60,2025,3,0.5,0.5,2,0.5248603609617255,3589,-0.3576095396890754,0.8676019668186611,0.475619949846754,-0.38153924691608343,distance_high_60|distance_sma_60|return_30m
60,2025,3,0.5,0.5,5,0.5248603609617255,3589,-0.7811911168586385,0.6094938712299088,0.40540540540540543,-0.7836195407392015,distance_high_60|distance_sma_60|return_30m
60,2025,3,0.55,0.45,0,0.5248603609617255,236,-0.05615897810834458,0.8795409257442903,0.5508474576271186,-0.11944268932472535,distance_high_60|distance_sma_60|return_30m
60,2025,3,0.55,0.45,1,0.5248603609617255,236,-0.07817949163417737,0.8320902679235836,0.5296610169491526,-0.13481684738622812,distance_high_60|distance_sma_60|return_30m
60,2025,3,0.55,0.45,2,0.5248603609617255,236,-0.09968837648560258,0.7869604298175966,0.5169491525423728,-0.150640772363004,distance_high_60|distance_sma_60|return_30m
60,2025,3,0.55,0.45,5,0.5248603609617255,236,-0.16126228009528942,0.6644597279879705,0.4872881355932203,-0.1965424959953217,distance_high_60|distance_sma_60|return_30m
60,2025,3,0.6,0.4,0,0.5248603609617255,29,-0.010556795150948872,0.8064626911018288,0.4827586206896552,-0.017442416620656154,distance_high_60|distance_sma_60|return_30m
60,2025,3,0.6,0.4,1,0.5248603609617255,29,-0.013423235471990869,0.7592003261848457,0.4827586206896552,-0.01911316999837076,distance_high_60|distance_sma_60|return_30m
60,2025,3,0.6,0.4,2,0.5248603609617255,29,-0.016281657200593602,0.7144378584741947,0.4827586206896552,-0.020781249257033507,distance_high_60|distance_sma_60|return_30m
60,2025,3,0.6,0.4,5,0.5248603609617255,29,-0.024809026873683915,0.5940130194388853,0.4482758620689655,-0.025872433868919242,distance_high_60|distance_sma_60|return_30m
60,2025,5,0.5,0.5,0,0.5232704005187723,3589,0.24150870559856363,1.0776148450538878,0.5227082752855948,-0.15965268737251737,distance_high_60|distance_sma_60|return_30m|momentum_30m|return_60m
60,2025,5,0.5,0.5,1,0.5232704005187723,3589,-0.13287320741478725,0.9576057839898294,0.4965171356923934,-0.22826000172294425,distance_high_60|distance_sma_60|return_30m|momentum_30m|return_60m
60,2025,5,0.5,0.5,2,0.5232704005187723,3589,-0.39438049606153025,0.8508982051180105,0.4736695458344943,-0.40805660664701526,distance_high_60|distance_sma_60|return_30m|momentum_30m|return_60m
60,2025,5,0.5,0.5,5,0.5232704005187723,3589,-0.7937195662652075,0.5977026949919638,0.40261911395932015,-0.7962000758995004,distance_high_60|distance_sma_60|return_30m|momentum_30m|return_60m
60,2025,5,0.55,0.45,0,0.5232704005187723,155,-0.0028758463801392686,0.996363192246844,0.5612903225806452,-0.05206249419906339,distance_high_60|distance_sma_60|return_30m|momentum_30m|return_60m
60,2025,5,0.55,0.45,1,0.5232704005187723,155,-0.018213329053187066,0.9451171545509705,0.5483870967741935,-0.05812914312414852,distance_high_60|distance_sma_60|return_30m|momentum_30m|return_60m
60,2025,5,0.55,0.45,2,0.5232704005187723,155,-0.03331639367710593,0.8962191363894768,0.535483870967742,-0.06946337144146553,distance_high_60|distance_sma_60|return_30m|momentum_30m|return_60m
60,2025,5,0.55,0.45,5,0.5232704005187723,155,-0.07725441081830686,0.7629679653049222,0.4967741935483871,-0.10495475377324426,distance_high_60|distance_sma_60|return_30m|momentum_30m|return_60m
60,2025,5,0.6,0.4,0,0.5232704005187723,6,0.0181613737699855,9.056790826296949,0.6666666666666666,-0.0020320260941887325,distance_high_60|distance_sma_60|return_30m|momentum_30m|return_60m
60,2025,5,0.6,0.4,1,0.5232704005187723,6,0.01755245478894163,8.151192944078277,0.6666666666666666,-0.0021320260941887215,distance_high_60|distance_sma_60|return_30m|momentum_30m|return_60m
60,2025,5,0.6,0.4,2,0.5232704005187723,6,0.016943839311177822,7.382709403194315,0.6666666666666666,-0.0022320260941888215,distance_high_60|distance_sma_60|return_30m|momentum_30m|return_60m
60,2025,5,0.6,0.4,5,0.5232704005187723,6,0.015119812687433676,5.6461763539923435,0.6666666666666666,-0.0025320260941886774,distance_high_60|distance_sma_60|return_30m|momentum_30m|return_60m
60,2025,10,0.5,0.5,0,0.5231319803251666,3589,0.09947080322530444,1.0353930577602526,0.5218723878517693,-0.18894077989228053,distance_high_60|distance_sma_60|return_30m|momentum_30m|return_60m|momentum_60m|distance_high_240|return_15m|momentum_15m|distance_sma_15
60,2025,10,0.5,0.5,1,0.5231319803251666,3589,-0.2320883436486023,0.9200476934560426,0.49373084424630814,-0.31545938875677937,distance_high_60|distance_sma_60|return_30m|momentum_30m|return_60m|momentum_60m|distance_high_240|return_15m|momentum_15m|distance_sma_15
60,2025,10,0.5,0.5,2,0.5231319803251666,3589,-0.4636809423922732,0.8174433539004317,0.47032599609919196,-0.48355930066513997,distance_high_60|distance_sma_60|return_30m|momentum_30m|return_60m|momentum_60m|distance_high_240|return_15m|momentum_15m|distance_sma_15
60,2025,10,0.5,0.5,5,0.5231319803251666,3589,-0.8173306972180587,0.5736891697735731,0.4003900808024519,-0.8214451272272068,distance_high_60|distance_sma_60|return_30m|momentum_30m|return_60m|momentum_60m|distance_high_240|return_15m|momentum_15m|distance_sma_15
60,2025,10,0.55,0.45,0,0.5231319803251666,233,0.02290775787841981,1.0659983985198214,0.5278969957081545,-0.04825618272312804,distance_high_60|distance_sma_60|return_30m|momentum_30m|return_60m|momentum_60m|distance_high_240|return_15m|momentum_15m|distance_sma_15
60,2025,10,0.55,0.45,1,0.5231319803251666,233,-0.0006496109192704047,1.0043939510532793,0.51931330472103,-0.05385995561278001,distance_high_60|distance_sma_60|return_30m|momentum_30m|return_60m|momentum_60m|distance_high_240|return_15m|momentum_15m|distance_sma_15
60,2025,10,0.55,0.45,2,0.5231319803251666,233,-0.02366673301168043,0.9462395419445919,0.5021459227467812,-0.059431290045661056,distance_high_60|distance_sma_60|return_30m|momentum_30m|return_60m|momentum_60m|distance_high_240|return_15m|momentum_15m|distance_sma_15
60,2025,10,0.55,0.45,5,0.5231319803251666,233,-0.08959859687002791,0.7907129080491667,0.47639484978540775,-0.11126892613031647,distance_high_60|distance_sma_60|return_30m|momentum_30m|return_60m|momentum_60m|distance_high_240|return_15m|momentum_15m|distance_sma_15
60,2025,10,0.6,0.4,0,0.5231319803251666,26,0.018068269252739633,1.4633518615906886,0.6923076923076923,-0.018188328010031007,distance_high_60|distance_sma_60|return_30m|momentum_30m|return_60m|momentum_60m|distance_high_240|return_15m|momentum_15m|distance_sma_15
60,2025,10,0.6,0.4,1,0.5231319803251666,26,0.015426382032085462,1.389403243830195,0.6923076923076923,-0.018386496773299732,distance_high_60|distance_sma_60|return_30m|momentum_30m|return_60m|momentum_60m|distance_high_240|return_15m|momentum_15m|distance_sma_15
60,2025,10,0.6,0.4,2,0.5231319803251666,26,0.012791087479649299,1.3182424027841046,0.6538461538461539,-0.018584645536568134,distance_high_60|distance_sma_60|return_30m|momentum_30m|return_60m|momentum_60m|distance_high_240|return_15m|momentum_15m|distance_sma_15
60,2025,10,0.6,0.4,5,0.5231319803251666,26,0.004924602061940897,1.1196664155821139,0.6153846153846154,-0.01917897182637429,distance_high_60|distance_sma_60|return_30m|momentum_30m|return_60m|momentum_60m|distance_high_240|return_15m|momentum_15m|distance_sma_15
