horizon_min,validation_year,feature,auc,advantage_abs,n
15,2022,return_1m,0.4955972688414595,0.004402731158540507,43073
15,2022,return_5m,0.48871744061758765,0.01128255938241235,43073
15,2022,return_15m,0.4870922744295584,0.01290772557044162,43073
15,2022,return_30m,0.48671473342455196,0.01328526657544804,43073
15,2022,return_60m,0.4850167362673638,0.014983263732636198,43073
15,2022,candle_range,0.5066300491984527,0.00663004919845267,43073
15,2022,body,0.4957344120208102,0.0042655879791898,43073
15,2022,abs_body,0.49963307887535097,0.00036692112464903337,43073
15,2022,upper_wick,0.5060999456507058,0.006099945650705818,43073
15,2022,lower_wick,0.5064815907958524,0.006481590795852421,43073
15,2022,body_range_ratio,0.4951226601248117,0.004877339875188291,43073
15,2022,upper_wick_ratio,0.5034411344656629,0.003441134465662854,43073
15,2022,lower_wick_ratio,0.5031972750182605,0.0031972750182605036,43073
15,2022,volatility_15m,0.5103858257837853,0.01038582578378533,43073
15,2022,volatility_30m,0.508714405817791,0.008714405817791038,43073
15,2022,volatility_60m,0.5066667762397699,0.006666776239769856,43073
15,2022,volatility_240m,0.5027820367260409,0.0027820367260409373,43073
15,2022,momentum_5m,0.48865427653170607,0.011345723468293933,43073
15,2022,momentum_15m,0.487090160371556,0.012909839628443998,43073
15,2022,momentum_30m,0.48679796003946113,0.01320203996053887,43073
15,2022,momentum_60m,0.48505330267908264,0.014946697320917357,43073
15,2022,sma_15,0.5054511896542844,0.005451189654284372,43073
15,2022,sma_60,0.5056917976998841,0.005691797699884149,43073
15,2022,sma_240,0.5057027291369793,0.005702729136979334,43073
15,2022,distance_sma_15,0.48634963851828944,0.01365036148171056,43073
15,2022,distance_sma_60,0.48402953262918835,0.015970467370811647,43073
15,2022,distance_sma_240,0.49188282580934806,0.008117174190651943,43073
15,2022,sma_15_slope,0.4893912408166873,0.010608759183312721,43073
15,2022,sma_60_slope,0.4964975718669329,0.0035024281330671148,43073
15,2022,sma_240_slope,0.5105145116530758,0.01051451165307582,43073
15,2022,rolling_high_60,0.5058128164704941,0.005812816470494142,43073
15,2022,rolling_low_60,0.5055254361044005,0.005525436104400483,43073
15,2022,rolling_high_240,0.5056350048953865,0.005635004895386486,43073
15,2022,rolling_low_240,0.5055729695288973,0.005572969528897298,43073
15,2022,distance_high_60,0.48408446687376977,0.01591553312623023,43073
15,2022,distance_low_60,0.4889808763930187,0.011019123606981318,43073
15,2022,distance_high_240,0.49275888131182904,0.0072411186881709555,43073
15,2022,distance_low_240,0.49382629733433003,0.006173702665669967,43073
15,2022,hour_sin,0.5020658324690814,0.00206583246908143,43073
15,2022,hour_cos,0.49778637967603756,0.0022136203239624397,43073
15,2022,minute_sin,0.49938020692162555,0.0006197930783744532,43073
15,2022,minute_cos,0.4984652585733773,0.0015347414266226878,43073
15,2023,return_1m,0.49156236211970866,0.008437637880291338,42857
15,2023,return_5m,0.49014071659564135,0.009859283404358654,42857
15,2023,return_15m,0.49024222972483533,0.009757770275164668,42857
15,2023,return_30m,0.4942741394303176,0.005725860569682384,42857
15,2023,return_60m,0.49156164667870417,0.008438353321295833,42857
15,2023,candle_range,0.5087612709399781,0.008761270939978139,42857
15,2023,body,0.49155378009450856,0.008446219905491437,42857
15,2023,abs_body,0.5035475997034882,0.003547599703488169,42857
15,2023,upper_wick,0.507572562988624,0.007572562988623965,42857
15,2023,lower_wick,0.5040778667172219,0.0040778667172218785,42857
15,2023,body_range_ratio,0.4963540712609209,0.003645928739079096,42857
15,2023,upper_wick_ratio,0.5051186678581712,0.005118667858171166,42857
15,2023,lower_wick_ratio,0.5004898277182344,0.0004898277182343591,42857
15,2023,volatility_15m,0.5120038042034548,0.012003804203454815,42857
15,2023,volatility_30m,0.5101902353057369,0.010190235305736928,42857
15,2023,volatility_60m,0.5082070818440727,0.008207081844072706,42857
15,2023,volatility_240m,0.5081554949541089,0.008155494954108944,42857
15,2023,momentum_5m,0.49022833797309356,0.009771662026906436,42857
15,2023,momentum_15m,0.4903079490247783,0.009692050975221689,42857
15,2023,momentum_30m,0.49426704491259416,0.005732955087405844,42857
15,2023,momentum_60m,0.4916111808954663,0.008388819104533707,42857
15,2023,sma_15,0.5009980750477185,0.0009980750477185385,42857
15,2023,sma_60,0.5011436449686325,0.0011436449686325068,42857
15,2023,sma_240,0.5009515125790558,0.000951512579055791,42857
15,2023,distance_sma_15,0.48945093781749194,0.010549062182508062,42857
15,2023,distance_sma_60,0.49122926389531696,0.008770736104683041,42857
15,2023,distance_sma_240,0.4954076789308805,0.004592321069119498,42857
15,2023,sma_15_slope,0.49671272826128915,0.0032872717387108508,42857
15,2023,sma_60_slope,0.49702432949805553,0.002975670501944472,42857
15,2023,sma_240_slope,0.5017861284138938,0.001786128413893806,42857
15,2023,rolling_high_60,0.5014782176330852,0.0014782176330851993,42857
15,2023,rolling_low_60,0.5008672887296616,0.000867288729661575,42857
15,2023,rolling_high_240,0.5016609164375447,0.001660916437544735,42857
15,2023,rolling_low_240,0.5002654514806466,0.00026545148064660573,42857
15,2023,distance_high_60,0.48674269633175604,0.013257303668243958,42857
15,2023,distance_low_60,0.4949267218099409,0.005073278190059094,42857
15,2023,distance_high_240,0.488777748123456,0.01122225187654402,42857
15,2023,distance_low_240,0.5001178179970179,0.00011781799701793272,42857
15,2023,hour_sin,0.5057059273161247,0.005705927316124737,42857
15,2023,hour_cos,0.4982861637960996,0.0017138362039004207,42857
15,2023,minute_sin,0.5022926421329075,0.002292642132907474,42857
15,2023,minute_cos,0.5036015158602838,0.0036015158602837882,42857
15,2024,return_1m,0.49302757177861245,0.00697242822138755,42993
15,2024,return_5m,0.4878737222314551,0.012126277768544913,42993
15,2024,return_15m,0.48257859946753523,0.01742140053246477,42993
15,2024,return_30m,0.48892554670413435,0.01107445329586565,42993
15,2024,return_60m,0.4910718552150126,0.00892814478498738,42993
15,2024,candle_range,0.504553408884246,0.004553408884246046,42993
15,2024,body,0.49321821242773134,0.0067817875722686605,42993
15,2024,abs_body,0.5057182162156523,0.005718216215652272,42993
15,2024,upper_wick,0.49852425197977307,0.0014757480202269302,42993
15,2024,lower_wick,0.5010858096992681,0.001085809699268081,42993
15,2024,body_range_ratio,0.5031998039978194,0.0031998039978193837,42993
15,2024,upper_wick_ratio,0.49653997882140943,0.0034600211785905666,42993
15,2024,lower_wick_ratio,0.4981853661748531,0.0018146338251469052,42993
15,2024,volatility_15m,0.5026892442050113,0.0026892442050112653,42993
15,2024,volatility_30m,0.5040036560147011,0.004003656014701096,42993
15,2024,volatility_60m,0.5035326042371987,0.0035326042371987,42993
15,2024,volatility_240m,0.5035858180326942,0.003585818032694199,42993
15,2024,momentum_5m,0.4877822461055086,0.012217753894491423,42993
15,2024,momentum_15m,0.48263381544980827,0.017366184550191732,42993
15,2024,momentum_30m,0.4890672279340943,0.010932772065905705,42993
15,2024,momentum_60m,0.4909351242565772,0.009064875743422796,42993
15,2024,sma_15,0.501016006974623,0.0010160069746230072,42993
15,2024,sma_60,0.5012252571381421,0.001225257138142144,42993
15,2024,sma_240,0.501380670122607,0.0013806701226070084,42993
15,2024,distance_sma_15,0.4825801579264323,0.017419842073567726,42993
15,2024,distance_sma_60,0.4855309851282761,0.014469014871723918,42993
15,2024,distance_sma_240,0.4910105525849357,0.0089894474150643,42993
15,2024,sma_15_slope,0.48943226662738193,0.010567733372618071,42993
15,2024,sma_60_slope,0.4961509106400015,0.003849089359998503,42993
15,2024,sma_240_slope,0.4936929558047464,0.006307044195253575,42993
15,2024,rolling_high_60,0.501102806641615,0.001102806641614995,42993
15,2024,rolling_low_60,0.5013069247134048,0.0013069247134047668,42993
15,2024,rolling_high_240,0.5013166813154588,0.001316681315458812,42993
15,2024,rolling_low_240,0.5014017352920334,0.001401735292033357,42993
15,2024,distance_high_60,0.4847512773194057,0.015248722680594295,42993
15,2024,distance_low_60,0.4875840718227904,0.0124159281772096,42993
15,2024,distance_high_240,0.4866466436444769,0.013353356355523094,42993
15,2024,distance_low_240,0.4942235850849077,0.005776414915092287,42993
15,2024,hour_sin,0.49829561740145767,0.001704382598542331,42993
15,2024,hour_cos,0.4997475902653982,0.0002524097346017773,42993
15,2024,minute_sin,0.4927496000713082,0.007250399928691809,42993
15,2024,minute_cos,0.5022044574262147,0.0022044574262146677,42993
15,2025,return_1m,0.49396396823363087,0.006036031766369132,42874
15,2025,return_5m,0.48768242935238304,0.01231757064761696,42874
15,2025,return_15m,0.4860988916286213,0.013901108371378701,42874
15,2025,return_30m,0.48800867940250003,0.011991320597499966,42874
15,2025,return_60m,0.48683037729862966,0.013169622701370343,42874
15,2025,candle_range,0.5033023283076822,0.0033023283076821786,42874
15,2025,body,0.49345996932836167,0.0065400306716383305,42874
15,2025,abs_body,0.5012231481529904,0.0012231481529904054,42874
15,2025,upper_wick,0.5037352002154597,0.0037352002154596997,42874
15,2025,lower_wick,0.5013309858940098,0.0013309858940098174,42874
15,2025,body_range_ratio,0.49921428876488916,0.000785711235110842,42874
15,2025,upper_wick_ratio,0.5026091222629551,0.002609122262955066,42874
15,2025,lower_wick_ratio,0.49961822460982785,0.00038177539017214546,42874
15,2025,volatility_15m,0.5039371937412077,0.003937193741207712,42874
15,2025,volatility_30m,0.5068001795933808,0.006800179593380751,42874
15,2025,volatility_60m,0.506183496845676,0.006183496845675984,42874
15,2025,volatility_240m,0.4982476516890756,0.001752348310924412,42874
15,2025,momentum_5m,0.4876396762351021,0.012360323764897874,42874
15,2025,momentum_15m,0.486116602560415,0.013883397439584999,42874
15,2025,momentum_30m,0.4879047191963142,0.012095280803685826,42874
15,2025,momentum_60m,0.48661757374180037,0.013382426258199631,42874
15,2025,sma_15,0.49835195399864385,0.0016480460013561515,42874
15,2025,sma_60,0.49857973166020814,0.0014202683397918636,42874
15,2025,sma_240,0.49874545351141886,0.001254546488581143,42874
15,2025,distance_sma_15,0.4840930447113868,0.01590695528861319,42874
15,2025,distance_sma_60,0.48358379549974984,0.016416204500250164,42874
15,2025,distance_sma_240,0.4911142056577362,0.008885794342263775,42874
15,2025,sma_15_slope,0.49184575560831645,0.008154244391683552,42874
15,2025,sma_60_slope,0.49184829959365967,0.008151700406340334,42874
15,2025,sma_240_slope,0.5069879987082874,0.0069879987082873685,42874
15,2025,rolling_high_60,0.49865570693811806,0.0013442930618819404,42874
15,2025,rolling_low_60,0.4985558345405007,0.0014441654594993247,42874
15,2025,rolling_high_240,0.49901587642964346,0.0009841235703565432,42874
15,2025,rolling_low_240,0.49867235560622464,0.0013276443937753624,42874
15,2025,distance_high_60,0.48255475615219545,0.017445243847804548,42874
15,2025,distance_low_60,0.4884043034426495,0.011595696557350488,42874
15,2025,distance_high_240,0.487636156056668,0.012363843943332009,42874
15,2025,distance_low_240,0.4926890012237278,0.007310998776272226,42874
15,2025,hour_sin,0.4939409655944232,0.006059034405576813,42874
15,2025,hour_cos,0.49748283817681993,0.0025171618231800696,42874
15,2025,minute_sin,0.49499773274796616,0.005002267252033843,42874
15,2025,minute_cos,0.5040889765138401,0.0040889765138401035,42874
30,2022,return_1m,0.4990176380212769,0.0009823619787230897,43073
30,2022,return_5m,0.4893975352076128,0.01060246479238719,43073
30,2022,return_15m,0.4875592016104312,0.012440798389568797,43073
30,2022,return_30m,0.4872737616647952,0.01272623833520481,43073
30,2022,return_60m,0.48516986244741644,0.014830137552583555,43073
30,2022,candle_range,0.5032191642116404,0.0032191642116403685,43073
30,2022,body,0.49945290784894003,0.0005470921510599691,43073
30,2022,abs_body,0.49975552477462576,0.00024447522537424105,43073
30,2022,upper_wick,0.5007713221929561,0.0007713221929560587,43073
30,2022,lower_wick,0.5030819618302297,0.0030819618302296847,43073
30,2022,body_range_ratio,0.4976120256808153,0.0023879743191846936,43073
30,2022,upper_wick_ratio,0.5001831176252641,0.00018311762526412867,43073
30,2022,lower_wick_ratio,0.50175492611488,0.00175492611488004,43073
30,2022,volatility_15m,0.5036651360967285,0.003665136096728472,43073
30,2022,volatility_30m,0.5023137132310802,0.0023137132310802055,43073
30,2022,volatility_60m,0.5022751127308178,0.0022751127308178187,43073
30,2022,volatility_240m,0.49974145696488065,0.00025854303511935184,43073
30,2022,momentum_5m,0.48945084605073474,0.010549153949265255,43073
30,2022,momentum_15m,0.4876405564366093,0.012359443563390693,43073
30,2022,momentum_30m,0.4873699378756293,0.012630062124370678,43073
30,2022,momentum_60m,0.48528265503893897,0.01471734496106103,43073
30,2022,sma_15,0.5105190141870578,0.010519014187057807,43073
30,2022,sma_60,0.510738969658823,0.010738969658823039,43073
30,2022,sma_240,0.5107587663628119,0.010758766362811922,43073
30,2022,distance_sma_15,0.4876776530212772,0.012322346978722809,43073
30,2022,distance_sma_60,0.48460535074927535,0.015394649250724646,43073
30,2022,distance_sma_240,0.4913832568453721,0.008616743154627904,43073
30,2022,sma_15_slope,0.49135101914786194,0.008648980852138055,43073
30,2022,sma_60_slope,0.49500168423453544,0.004998315765464556,43073
30,2022,sma_240_slope,0.5088285968875446,0.00882859688754456,43073
30,2022,rolling_high_60,0.5108146969298728,0.010814696929872802,43073
30,2022,rolling_low_60,0.5105477147182124,0.010547714718212364,43073
30,2022,rolling_high_240,0.5106489072152558,0.010648907215255798,43073
30,2022,rolling_low_240,0.5106603175684125,0.010660317568412458,43073
30,2022,distance_high_60,0.487742557490424,0.012257442509576,43073
30,2022,distance_low_60,0.48956835630149886,0.010431643698501136,43073
30,2022,distance_high_240,0.4926746384413341,0.0073253615586659215,43073
30,2022,distance_low_240,0.4943626397732146,0.005637360226785404,43073
30,2022,hour_sin,0.5035530216148182,0.003553021614818186,43073
30,2022,hour_cos,0.49491081646842383,0.005089183531576169,43073
30,2022,minute_sin,0.4978225167260533,0.0021774832739466787,43073
30,2022,minute_cos,0.5000912634198916,9.126341989162956e-05,43073
30,2023,return_1m,0.4932421112190104,0.006757888780989596,42857
30,2023,return_5m,0.48974260170078654,0.01025739829921346,42857
30,2023,return_15m,0.49126621776336793,0.00873378223663207,42857
30,2023,return_30m,0.4900954627627404,0.009904537237259592,42857
30,2023,return_60m,0.4864803045423229,0.013519695457677117,42857
30,2023,candle_range,0.510289385010199,0.010289385010199048,42857
30,2023,body,0.4933288134450124,0.006671186554987607,42857
30,2023,abs_body,0.509135119363255,0.009135119363254951,42857
30,2023,upper_wick,0.5054111638580233,0.005411163858023316,42857
30,2023,lower_wick,0.5002530657904065,0.0002530657904065148,42857
30,2023,body_range_ratio,0.5026623299067579,0.0026623299067578543,42857
30,2023,upper_wick_ratio,0.5026231629277811,0.0026231629277810864,42857
30,2023,lower_wick_ratio,0.49507613939190803,0.004923860608091968,42857
30,2023,volatility_15m,0.5093072334577264,0.009307233457726438,42857
30,2023,volatility_30m,0.5078830424375268,0.0078830424375268,42857
30,2023,volatility_60m,0.5068266599373814,0.006826659937381407,42857
30,2023,volatility_240m,0.5084417552711084,0.008441755271108353,42857
30,2023,momentum_5m,0.4897966224916631,0.010203377508336886,42857
30,2023,momentum_15m,0.49131095124673824,0.008689048753261763,42857
30,2023,momentum_30m,0.49010181437074646,0.009898185629253542,42857
30,2023,momentum_60m,0.48657506360831065,0.013424936391689346,42857
30,2023,sma_15,0.5007825588315595,0.0007825588315595322,42857
30,2023,sma_60,0.5010777948128202,0.0010777948128202208,42857
30,2023,sma_240,0.5011444872413389,0.0011444872413388651,42857
30,2023,distance_sma_15,0.4898715002514662,0.010128499748533804,42857
30,2023,distance_sma_60,0.4864410003607731,0.01355899963922691,42857
30,2023,distance_sma_240,0.4878619736539612,0.012138026346038777,42857
30,2023,sma_15_slope,0.49556310399104386,0.004436896008956137,42857
30,2023,sma_60_slope,0.49256975000963793,0.00743024999036207,42857
30,2023,sma_240_slope,0.5004526911785989,0.0004526911785989185,42857
30,2023,rolling_high_60,0.5013593660711478,0.0013593660711478384,42857
30,2023,rolling_low_60,0.5008131081822558,0.0008131081822557729,42857
30,2023,rolling_high_240,0.5018889211801315,0.0018889211801315087,42857
30,2023,rolling_low_240,0.5005641094681226,0.0005641094681225756,42857
30,2023,distance_high_60,0.4839692774953009,0.016030722504699113,42857
30,2023,distance_low_60,0.49033818282579117,0.009661817174208831,42857
30,2023,distance_high_240,0.4800208814476079,0.019979118552392094,42857
30,2023,distance_low_240,0.4933456697611335,0.006654330238866524,42857
30,2023,hour_sin,0.5066647108113201,0.00666471081132014,42857
30,2023,hour_cos,0.49602775030495894,0.0039722496950410635,42857
30,2023,minute_sin,0.50214859773896,0.002148597738960034,42857
30,2023,minute_cos,0.5067776056618685,0.006777605661868469,42857
30,2024,return_1m,0.4929747834378233,0.007025216562176695,42993
30,2024,return_5m,0.4896538849404424,0.010346115059557626,42993
30,2024,return_15m,0.4863269842968655,0.013673015703134506,42993
30,2024,return_30m,0.48775422623953746,0.012245773760462542,42993
30,2024,return_60m,0.49031034369731197,0.009689656302688032,42993
30,2024,candle_range,0.5051593080246041,0.00515930802460407,42993
30,2024,body,0.49288082343348394,0.007119176566516061,42993
30,2024,abs_body,0.50627388080641,0.006273880806410004,42993
30,2024,upper_wick,0.503381849945557,0.003381849945557014,42993
30,2024,lower_wick,0.4979926350374954,0.0020073649625045875,42993
30,2024,body_range_ratio,0.5035236690542866,0.0035236690542865823,42993
30,2024,upper_wick_ratio,0.5017472568037434,0.0017472568037434355,42993
30,2024,lower_wick_ratio,0.4945081856347413,0.005491814365258696,42993
30,2024,volatility_15m,0.5026390042385762,0.0026390042385762147,42993
30,2024,volatility_30m,0.5024889852280989,0.0024889852280989277,42993
30,2024,volatility_60m,0.5033769098674379,0.003376909867437883,42993
30,2024,volatility_240m,0.5065460982734687,0.006546098273468748,42993
30,2024,momentum_5m,0.4896446727719753,0.01035532722802468,42993
30,2024,momentum_15m,0.4863613786299284,0.013638621370071602,42993
30,2024,momentum_30m,0.4877736790827643,0.012226320917235689,42993
30,2024,momentum_60m,0.4898593285310707,0.010140671468929274,42993
30,2024,sma_15,0.49968880539236626,0.00031119460763373574,42993
30,2024,sma_60,0.49995655048100945,4.344951899054594e-05,42993
30,2024,sma_240,0.5001660333947722,0.00016603339477216927,42993
30,2024,distance_sma_15,0.48493094398719655,0.01506905601280345,42993
30,2024,distance_sma_60,0.4859423261913467,0.014057673808653304,42993
30,2024,distance_sma_240,0.489349800017886,0.010650199982113973,42993
30,2024,sma_15_slope,0.4879800082714425,0.0120199917285575,42993
30,2024,sma_60_slope,0.4943934249026127,0.005606575097387323,42993
30,2024,sma_240_slope,0.49299858523871054,0.0070014147612894595,42993
30,2024,rolling_high_60,0.49964084018943206,0.0003591598105679439,42993
30,2024,rolling_low_60,0.5001383189394203,0.00013831893942028994,42993
30,2024,rolling_high_240,0.5001127329507749,0.00011273295077485201,42993
30,2024,rolling_low_240,0.500167170164885,0.00016717016488498881,42993
30,2024,distance_high_60,0.4872414194978749,0.012758580502125083,42993
30,2024,distance_low_60,0.48610492329246335,0.013895076707536647,42993
30,2024,distance_high_240,0.48408401127812795,0.015915988721872054,42993
30,2024,distance_low_240,0.4926513214567143,0.007348678543285692,42993
30,2024,hour_sin,0.49366643226683465,0.006333567733165346,42993
30,2024,hour_cos,0.49842986605413936,0.0015701339458606411,42993
30,2024,minute_sin,0.4948669838441495,0.005133016155850489,42993
30,2024,minute_cos,0.49814503801729515,0.0018549619827048502,42993
30,2025,return_1m,0.49487180914301077,0.005128190856989234,42874
30,2025,return_5m,0.49109819458616705,0.008901805413832953,42874
30,2025,return_15m,0.4840188255437213,0.015981174456278724,42874
30,2025,return_30m,0.4815732963844501,0.018426703615549878,42874
30,2025,return_60m,0.4836152370686412,0.01638476293135882,42874
30,2025,candle_range,0.5053611392428258,0.005361139242825774,42874
30,2025,body,0.49488255436121675,0.005117445638783247,42874
30,2025,abs_body,0.5030391800929238,0.00303918009292381,42874
30,2025,upper_wick,0.5048555661403484,0.004855566140348433,42874
30,2025,lower_wick,0.5010497268421695,0.0010497268421695294,42874
30,2025,body_range_ratio,0.4999628555507963,3.714444920371873e-05,42874
30,2025,upper_wick_ratio,0.5027567203258592,0.0027567203258591633,42874
30,2025,lower_wick_ratio,0.4976700654230567,0.0023299345769433044,42874
30,2025,volatility_15m,0.5129618161588329,0.01296181615883285,42874
30,2025,volatility_30m,0.514418145724781,0.01441814572478095,42874
30,2025,volatility_60m,0.5127582899833187,0.012758289983318738,42874
30,2025,volatility_240m,0.5016114138619449,0.0016114138619448548,42874
30,2025,momentum_5m,0.4910957096316825,0.008904290368317525,42874
30,2025,momentum_15m,0.48400078916130296,0.015999210838697042,42874
30,2025,momentum_30m,0.48148988725563974,0.018510112744360263,42874
30,2025,momentum_60m,0.4832462229646747,0.016753777035325323,42874
30,2025,sma_15,0.4937686366811782,0.006231363318821792,42874
30,2025,sma_60,0.49416237591856693,0.005837624081433068,42874
30,2025,sma_240,0.4944584827457234,0.005541517254276596,42874
30,2025,distance_sma_15,0.4857878839577985,0.014212116042201517,42874
30,2025,distance_sma_60,0.4797043083141197,0.0202956916858803,42874
30,2025,distance_sma_240,0.48752000090973124,0.012479999090268756,42874
30,2025,sma_15_slope,0.48451271161169024,0.015487288388309761,42874
30,2025,sma_60_slope,0.48906505437319414,0.010934945626805859,42874
30,2025,sma_240_slope,0.504787878686683,0.004787878686682956,42874
30,2025,rolling_high_60,0.49429034288956036,0.0057096571104396365,42874
30,2025,rolling_low_60,0.49410281886055785,0.005897181139442154,42874
30,2025,rolling_high_240,0.4948273778949078,0.005172622105092173,42874
30,2025,rolling_low_240,0.4943545959331412,0.005645404066858817,42874
30,2025,distance_high_60,0.4754533893311333,0.02454661066886671,42874
30,2025,distance_low_60,0.48837067274833357,0.011629327251666433,42874
30,2025,distance_high_240,0.47891701645647733,0.02108298354352267,42874
30,2025,distance_low_240,0.4916435880747809,0.008356411925219076,42874
30,2025,hour_sin,0.4944188315154696,0.0055811684845303855,42874
30,2025,hour_cos,0.49786797998857535,0.0021320200114246513,42874
30,2025,minute_sin,0.49550685961481544,0.0044931403851845575,42874
30,2025,minute_cos,0.49563570947038416,0.004364290529615844,42874
60,2022,return_1m,0.49955721484721327,0.0004427851527867288,43073
60,2022,return_5m,0.49087072663705394,0.009129273362946055,43073
60,2022,return_15m,0.4884664801257268,0.011533519874273201,43073
60,2022,return_30m,0.48745920993656844,0.012540790063431562,43073
60,2022,return_60m,0.48909746864371517,0.010902531356284828,43073
60,2022,candle_range,0.5040552569478868,0.004055256947886776,43073
60,2022,body,0.4996733937968852,0.0003266062031148098,43073
60,2022,abs_body,0.5002912629544385,0.00029126295443848704,43073
60,2022,upper_wick,0.501727358020414,0.001727358020414016,43073
60,2022,lower_wick,0.5044070183845483,0.004407018384548267,43073
60,2022,body_range_ratio,0.4971252493880561,0.0028747506119439215,43073
60,2022,upper_wick_ratio,0.5001181885221799,0.00011818852217992948,43073
60,2022,lower_wick_ratio,0.5030893209915395,0.003089320991539468,43073
60,2022,volatility_15m,0.5038053907558759,0.003805390755875937,43073
60,2022,volatility_30m,0.5036349037560311,0.0036349037560311492,43073
60,2022,volatility_60m,0.5031028166077713,0.0031028166077713415,43073
60,2022,volatility_240m,0.4998810287795148,0.00011897122048520892,43073
60,2022,momentum_5m,0.4909554672048009,0.009044532795199123,43073
60,2022,momentum_15m,0.48850728609108673,0.011492713908913266,43073
60,2022,momentum_30m,0.48748353180125853,0.01251646819874147,43073
60,2022,momentum_60m,0.48910009057522785,0.010899909424772147,43073
60,2022,sma_15,0.5053032510678603,0.005303251067860337,43073
60,2022,sma_60,0.5055495045573632,0.0055495045573632495,43073
60,2022,sma_240,0.505728514990818,0.005728514990817946,43073
60,2022,distance_sma_15,0.48991828521884173,0.010081714781158269,43073
60,2022,distance_sma_60,0.48631776843959046,0.013682231560409541,43073
60,2022,distance_sma_240,0.49187350439668376,0.008126495603316242,43073
60,2022,sma_15_slope,0.4910424459015858,0.0089575540984142,43073
60,2022,sma_60_slope,0.4956886540851471,0.004311345914852882,43073
60,2022,sma_240_slope,0.5068011943933014,0.006801194393301402,43073
60,2022,rolling_high_60,0.5055708217661629,0.005570821766162859,43073
60,2022,rolling_low_60,0.5055173740372676,0.005517374037267597,43073
60,2022,rolling_high_240,0.5054959328473316,0.0054959328473316305,43073
60,2022,rolling_low_240,0.5055351971342117,0.005535197134211689,43073
60,2022,distance_high_60,0.48921919332352737,0.010780806676472632,43073
60,2022,distance_low_60,0.48916273770445107,0.010837262295548933,43073
60,2022,distance_high_240,0.4916164203463351,0.008383579653664874,43073
60,2022,distance_low_240,0.49444710698427136,0.005552893015728644,43073
60,2022,hour_sin,0.5038372043155008,0.0038372043155008306,43073
60,2022,hour_cos,0.4967624945979262,0.0032375054020737926,43073
60,2022,minute_sin,0.5024918224737609,0.0024918224737608963,43073
60,2022,minute_cos,0.5021939259894713,0.0021939259894713237,43073
60,2023,return_1m,0.4971565626201089,0.0028434373798911228,42857
60,2023,return_5m,0.4894309302627585,0.010569069737241477,42857
60,2023,return_15m,0.4857440303993814,0.01425596960061859,42857
60,2023,return_30m,0.48349505089078526,0.01650494910921474,42857
60,2023,return_60m,0.48228575971666066,0.017714240283339344,42857
60,2023,candle_range,0.5157967484710562,0.015796748471056166,42857
60,2023,body,0.4971431144214048,0.002856885578595203,42857
60,2023,abs_body,0.5127843345343543,0.012784334534354347,42857
60,2023,upper_wick,0.5069818457834944,0.006981845783494367,42857
60,2023,lower_wick,0.502083477460076,0.0020834774600759776,42857
60,2023,body_range_ratio,0.5039932425758656,0.003993242575865641,42857
60,2023,upper_wick_ratio,0.5011369909044256,0.0011369909044256499,42857
60,2023,lower_wick_ratio,0.49510666154469685,0.004893338455303153,42857
60,2023,volatility_15m,0.5159303068270524,0.01593030682705243,42857
60,2023,volatility_30m,0.517310056942246,0.017310056942245966,42857
60,2023,volatility_60m,0.517098760003104,0.017098760003103952,42857
60,2023,volatility_240m,0.5122287759072899,0.01222877590728988,42857
60,2023,momentum_5m,0.4895887208634107,0.010411279136589291,42857
60,2023,momentum_15m,0.4858927306407249,0.014107269359275088,42857
60,2023,momentum_30m,0.48362790672081046,0.016372093279189537,42857
60,2023,momentum_60m,0.48235496778289955,0.017645032217100454,42857
60,2023,sma_15,0.49310688814798864,0.006893111852011358,42857
60,2023,sma_60,0.49339646172892726,0.00660353827107274,42857
60,2023,sma_240,0.49358965528176824,0.006410344718231764,42857
60,2023,distance_sma_15,0.4878689710511855,0.012131028948814515,42857
60,2023,distance_sma_60,0.480278502512283,0.01972149748771701,42857
60,2023,distance_sma_240,0.48268930043709835,0.017310699562901655,42857
60,2023,sma_15_slope,0.48559200377925427,0.014407996220745733,42857
60,2023,sma_60_slope,0.4908564218983841,0.009143578101615923,42857
60,2023,sma_240_slope,0.5019531964694238,0.0019531964694238235,42857
60,2023,rolling_high_60,0.4939961749301605,0.006003825069839486,42857
60,2023,rolling_low_60,0.492933793373044,0.007066206626956006,42857
60,2023,rolling_high_240,0.4946611054144424,0.005338894585557585,42857
60,2023,rolling_low_240,0.4929814583986928,0.0070185416013072155,42857
60,2023,distance_high_60,0.47393755320054903,0.026062446799450967,42857
60,2023,distance_low_60,0.4905973303202746,0.009402669679725417,42857
60,2023,distance_high_240,0.47374989163128445,0.026250108368715552,42857
60,2023,distance_low_240,0.4901405087231703,0.009859491276829724,42857
60,2023,hour_sin,0.5140022074172008,0.014002207417200818,42857
60,2023,hour_cos,0.4913438562008238,0.008656143799176175,42857
60,2023,minute_sin,0.5033781827220254,0.0033781827220253913,42857
60,2023,minute_cos,0.5005122285678725,0.0005122285678724747,42857
60,2024,return_1m,0.49051146724019556,0.009488532759804436,42993
60,2024,return_5m,0.48837428005015404,0.011625719949845958,42993
60,2024,return_15m,0.4866394993036016,0.01336050069639838,42993
60,2024,return_30m,0.4886726308549155,0.011327369145084476,42993
60,2024,return_60m,0.4873609330099197,0.012639066990080328,42993
60,2024,candle_range,0.4982008727367161,0.0017991272632839062,42993
60,2024,body,0.4900778167808056,0.009922183219194414,42993
60,2024,abs_body,0.5014084474910412,0.001408447491041187,42993
60,2024,upper_wick,0.49532043036473605,0.004679569635263947,42993
60,2024,lower_wick,0.5018598760828173,0.0018598760828173466,42993
60,2024,body_range_ratio,0.503530953300715,0.0035309533007149563,42993
60,2024,upper_wick_ratio,0.4961154509661826,0.0038845490338174082,42993
60,2024,lower_wick_ratio,0.5009924428798127,0.000992442879812705,42993
60,2024,volatility_15m,0.5001331505781226,0.00013315057812257614,42993
60,2024,volatility_30m,0.4997188743361929,0.00028112566380711357,42993
60,2024,volatility_60m,0.4992844572788768,0.0007155427211231746,42993
60,2024,volatility_240m,0.5026274780679152,0.00262747806791519,42993
60,2024,momentum_5m,0.48810974087641235,0.011890259123587654,42993
60,2024,momentum_15m,0.4862770188414937,0.013722981158506287,42993
60,2024,momentum_30m,0.48803768175565165,0.011962318244348347,42993
60,2024,momentum_60m,0.4865087504431684,0.01349124955683162,42993
60,2024,sma_15,0.49285610645516176,0.007143893544838242,42993
60,2024,sma_60,0.49310617026495157,0.006893829735048429,42993
60,2024,sma_240,0.4933761059844902,0.006623894015509779,42993
60,2024,distance_sma_15,0.4845193453339587,0.015480654666041316,42993
60,2024,distance_sma_60,0.4860331192597239,0.013966880740276078,42993
60,2024,distance_sma_240,0.4860296787855801,0.013970321214419879,42993
60,2024,sma_15_slope,0.4888095818937611,0.011190418106238886,42993
60,2024,sma_60_slope,0.4873926421892014,0.01260735781079858,42993
60,2024,sma_240_slope,0.4890034953872773,0.010996504612722724,42993
60,2024,rolling_high_60,0.4927046084887672,0.007295391511232818,42993
60,2024,rolling_low_60,0.49335612456075184,0.006643875439248159,42993
60,2024,rolling_high_240,0.4932268590185124,0.006773140981487624,42993
60,2024,rolling_low_240,0.4933919063592848,0.006608093640715185,42993
60,2024,distance_high_60,0.48805400042437647,0.011945999575623534,42993
60,2024,distance_low_60,0.4849658967581652,0.015034103241834795,42993
60,2024,distance_high_240,0.48094143438630227,0.01905856561369773,42993
60,2024,distance_low_240,0.49005430271768485,0.009945697282315147,42993
60,2024,hour_sin,0.5015174019832771,0.0015174019832771002,42993
60,2024,hour_cos,0.49785486816638724,0.0021451318336127567,42993
60,2024,minute_sin,0.4998272389709014,0.00017276102909857816,42993
60,2024,minute_cos,0.503075664611885,0.0030756646118850206,42993
60,2025,return_1m,0.4924771578325161,0.00752284216748389,42874
60,2025,return_5m,0.4900026239716804,0.009997376028319627,42874
60,2025,return_15m,0.48504444100304356,0.014955558996956442,42874
60,2025,return_30m,0.4804462425425517,0.019553757457448306,42874
60,2025,return_60m,0.47779148532302423,0.022208514676975766,42874
60,2025,candle_range,0.5067545214755513,0.006754521475551334,42874
60,2025,body,0.49178269227632787,0.00821730772367213,42874
60,2025,abs_body,0.5027207843009371,0.00272078430093714,42874
60,2025,upper_wick,0.503280529522813,0.0032805295228129916,42874
60,2025,lower_wick,0.5061633219862167,0.006163321986216719,42874
60,2025,body_range_ratio,0.4987510396129292,0.0012489603870707855,42874
60,2025,upper_wick_ratio,0.5002547745400264,0.00025477454002642563,42874
60,2025,lower_wick_ratio,0.5014272748106812,0.0014272748106811672,42874
60,2025,volatility_15m,0.5145901536376734,0.014590153637673353,42874
60,2025,volatility_30m,0.5157752319001545,0.015775231900154507,42874
60,2025,volatility_60m,0.513748030259272,0.01374803025927196,42874
60,2025,volatility_240m,0.5008987380002861,0.000898738000286059,42874
60,2025,momentum_5m,0.48991221125534823,0.010087788744651771,42874
60,2025,momentum_15m,0.48482392130323665,0.015176078696763351,42874
60,2025,momentum_30m,0.4799256026261649,0.020074397373835096,42874
60,2025,momentum_60m,0.477489367663211,0.022510632336789016,42874
60,2025,sma_15,0.48937398225596,0.010626017744039984,42874
60,2025,sma_60,0.48977014802249763,0.010229851977502369,42874
60,2025,sma_240,0.4903481827437387,0.009651817256261297,42874
60,2025,distance_sma_15,0.4857111587072258,0.01428884129277419,42874
60,2025,distance_sma_60,0.4768662265652349,0.02313377343476508,42874
60,2025,distance_sma_240,0.4809308552702919,0.01906914472970811,42874
60,2025,sma_15_slope,0.48469780811353524,0.015302191886464755,42874
60,2025,sma_60_slope,0.4800835022620684,0.019916497737931582,42874
60,2025,sma_240_slope,0.5017018216347924,0.0017018216347923776,42874
60,2025,rolling_high_60,0.4899800773394722,0.010019922660527814,42874
60,2025,rolling_low_60,0.48964184398286037,0.01035815601713963,42874
60,2025,rolling_high_240,0.49086757917522417,0.009132420824775833,42874
60,2025,rolling_low_240,0.49004602465427577,0.00995397534572423,42874
60,2025,distance_high_60,0.47014541249059255,0.02985458750940745,42874
60,2025,distance_low_60,0.489230479946119,0.010769520053880988,42874
60,2025,distance_high_240,0.4718051184500337,0.0281948815499663,42874
60,2025,distance_low_240,0.48914939883001274,0.010850601169987262,42874
60,2025,hour_sin,0.5002293344561325,0.0002293344561324906,42874
60,2025,hour_cos,0.4976243690819311,0.002375630918068916,42874
60,2025,minute_sin,0.49695051390553874,0.0030494860944612623,42874
60,2025,minute_cos,0.5023217174338609,0.0023217174338608926,42874
